#VRML V2.0 utf8
# 3D model generated by easyeda2kicad.py (https://github.com/uPesy/easyeda2kicad.py)

Shape{
    appearance Appearance {
        material  Material 	{
            diffuseColor 0.25098039215686274 0.25098039215686274 0.25098039215686274
            specularColor 0.12549019607843137 0.12549019607843137 0.12549019607843137
            ambientIntensity 0.251
            transparency 0.0
            shininess 0.5
        }
    }
    geometry IndexedFaceSet {
        ccw TRUE
        solid FALSE
        coord DEF co Coordinate {
            point [
                -0.3062 -0.3455 0.0079, -0.315 -0.3445 0.0079, -0.1476 -0.0886 0.0079, 0.0492 -0.0886 0.0079, -0.2756 -0.3839 0.0079, -0.2766 -0.3751 0.0079, 0.0492 0.2165 0.0079, -0.0492 -0.0886 0.0079, -0.2904 0.1587 0.0079, -0.2979 0.1634 0.0079, -0.3937 0.3248 0.0079, -0.5906 -1.2205 0.0079, 0.2842 -1.0974 0.0079, 0.2904 -1.1036 0.0079, 0.4052 0.4117 0.0079, 0.399 0.4035 0.0079, 0.1476 0.2165 0.0079, 0.2979 -1.1083 0.0079, 0.3062 -1.1112 0.0079, 0.5906 -1.2205 0.0079, 0.315 -1.1122 0.0079, 0.5906 -1.1122 0.0079, 0.5327 0.6054 0.0079, 0.4229 0.4219 0.0079, 0.4134 0.418 0.0079, 0.5906 0.3248 0.0079, 0.5906 0.1673 0.0079, 0.4331 0.3248 0.0079, 0.315 0.1673 0.0079, 0.4229 0.3261 0.0079, 0.4134 0.3301 0.0079, 0.2471 0.6212 0.0079, 0.25 0.6128 0.0079, 0.1476 0.4724 0.0079, -0.5906 0.748 0.0079, -0.5413 0.748 0.0079, -0.5413 0.6299 0.0079, -0.5906 0.1673 0.0079, -0.5906 0.3248 0.0079, -0.315 0.1673 0.0079, -0.3062 0.1663 0.0079, -0.5906 0.4232 0.0079, -0.5906 -1.1122 0.0079, -0.315 -1.1122 0.0079, -0.3062 -1.1112 0.0079, -0.2979 -1.1083 0.0079, 0.5374 0.6128 0.0079, 0.5906 0.4232 0.0079, 0.4331 0.4232 0.0079, 0.4052 0.3363 0.0079, 0.3062 0.1663 0.0079, 0.2979 0.1634 0.0079, -0.2795 -0.3668 0.0079, -0.2842 -0.3593 0.0079, -0.2904 -0.3531 0.0079, -0.2979 -0.3484 0.0079, 0.5265 0.5991 0.0079, 0.5191 0.5945 0.0079, -0.2904 0.0775 0.0079, -0.2842 0.0837 0.0079, 0.315 -0.3445 0.0079, 0.3062 -0.3455 0.0079, 0.1476 -0.0886 0.0079, 0.2979 -0.3484 0.0079, 0.2904 -0.3531 0.0079, 0.5404 0.6212 0.0079, 0.5413 0.6299 0.0079, 0.5906 0.748 0.0079, 0.5413 0.748 0.0079, 0.395 0.394 0.0079, 0.3937 0.3839 0.0079, 0.3937 0.3642 0.0079, 0.4439 0.6212 0.0079, 0.3359 0.6054 0.0079, 0.3406 0.6128 0.0079, -0.0492 0.2165 0.0079, 0.4468 0.6128 0.0079, 0.4515 0.6054 0.0079, 0.2461 0.6299 0.0079, 0.1476 0.748 0.0079, 0.2461 0.748 0.0079, 0.2684 0.5945 0.0079, 0.2767 0.5915 0.0079, -0.2842 -0.1034 0.0079, -0.2904 -0.0972 0.0079, -0.3062 0.0699 0.0079, -0.2979 -0.0925 0.0079, -0.2842 0.1525 0.0079, -0.3937 0.374 0.0079, -0.1476 0.2165 0.0079, 0.2842 -0.3593 0.0079, 0.2795 -0.3668 0.0079, 0.2904 -0.1784 0.0079, 0.2979 -0.1831 0.0079, 0.3445 0.6299 0.0079, 0.3445 0.748 0.0079, 0.4429 0.748 0.0079, 0.4652 0.5945 0.0079, 0.4735 0.5915 0.0079, 0.4823 0.5906 0.0079, -0.5404 0.6212 0.0079, -0.5374 0.6128 0.0079, -0.4429 0.4232 0.0079, -0.5327 0.6054 0.0079, -0.5265 0.5991 0.0079, -0.5191 0.5945 0.0079, -0.5107 0.5915 0.0079, 0.064 0.4417 0.0079, 0.0715 0.437 0.0079, 0.0798 0.4341 0.0079, -0.2547 0.6054 0.0079, -0.1476 0.4724 0.0079, -0.2609 0.5991 0.0079, -0.1467 0.4637 0.0079, -0.3062 -0.186 0.0079, -0.2979 -0.1831 0.0079, -0.2756 0.128 0.0079, -0.2766 0.1367 0.0079, -0.2795 0.145 0.0079, 0.395 0.354 0.0079, 0.399 0.3445 0.0079, 0.2795 -0.1109 0.0079, 0.2766 -0.1192 0.0079, 0.2756 -0.128 0.0079, 0.2756 -0.1476 0.0079, 0.3435 0.6212 0.0079, 0.4429 0.6299 0.0079, 0.4577 0.5991 0.0079, 0.502 0.5906 0.0079, 0.5107 0.5915 0.0079, -0.502 0.5906 0.0079, -0.4823 0.5906 0.0079, -0.4735 0.5915 0.0079, -0.0715 0.437 0.0079, -0.064 0.4417 0.0079, 0.2904 0.1587 0.0079, 0.2842 0.1525 0.0079, 0.2795 0.145 0.0079, 0.2766 0.1367 0.0079, -0.4652 0.5945 0.0079, -0.4577 0.5991 0.0079, -0.4515 0.6054 0.0079, 0.117 0.4341 0.0079, 0.1253 0.437 0.0079, 0.2854 0.5906 0.0079, 0.3051 0.5906 0.0079, 0.3139 0.5915 0.0079, 0.3222 0.5945 0.0079, 0.3297 0.5991 0.0079, -0.25 0.6128 0.0079, -0.2471 0.6212 0.0079, -0.1476 0.748 0.0079, -0.2461 0.6299 0.0079, -0.2461 0.748 0.0079, -0.315 -0.0886 0.0079, -0.5906 -0.0886 0.0079, -0.5906 0.0689 0.0079, -0.2904 -0.1784 0.0079, -0.2842 -0.1722 0.0079, -0.2795 -0.1647 0.0079, -0.2766 -0.1564 0.0079, -0.2795 0.0912 0.0079, -0.2766 0.0995 0.0079, -0.2756 0.1083 0.0079, -0.2904 -1.1036 0.0079, -0.2842 -1.0974 0.0079, 0.2795 -1.0899 0.0079, -0.2795 -1.0899 0.0079, 0.2766 -1.0816 0.0079, -0.2766 -1.0816 0.0079, -0.2756 -1.0728 0.0079, 0.2904 0.0775 0.0079, 0.2842 0.0837 0.0079, 0.2795 0.0912 0.0079, 0.2766 -0.1564 0.0079, 0.2795 -0.1647 0.0079, 0.2842 -0.1722 0.0079, 0.5906 -0.187 0.0079, 0.5906 -0.3445 0.0079, 0.315 -0.187 0.0079, 0.3062 -0.186 0.0079, 0.0886 0.4331 0.0079, 0.1083 0.4331 0.0079, -0.3062 -0.0896 0.0079, -0.315 0.0689 0.0079, -0.5906 -0.3445 0.0079, -0.5906 -0.187 0.0079, -0.315 -0.187 0.0079, 0.2756 0.128 0.0079, 0.2756 0.1083 0.0079, 0.2766 0.0995 0.0079, 0.3062 -0.0896 0.0079, 0.2979 0.0728 0.0079, -0.0578 0.4479 0.0079, 0.0531 0.4554 0.0079, -0.0531 0.4554 0.0079, -0.0502 0.4637 0.0079, 0.0578 0.4479 0.0079, 0.2609 0.5991 0.0079, 0.139 0.4479 0.0079, 0.2547 0.6054 0.0079, 0.1437 0.4554 0.0079, 0.1467 0.4637 0.0079, -0.2756 -0.1476 0.0079, -0.2756 -0.128 0.0079, -0.2766 -0.1192 0.0079, 0.2979 -0.0925 0.0079, 0.2904 -0.0972 0.0079, 0.2842 -0.1034 0.0079, -0.4429 0.6299 0.0079, -0.4429 0.748 0.0079, -0.3445 0.748 0.0079, -0.3222 0.5945 0.0079, -0.3297 0.5991 0.0079, -0.3359 0.6054 0.0079, -0.4468 0.6128 0.0079, -0.4439 0.6212 0.0079, -0.117 0.4341 0.0079, -0.1083 0.4331 0.0079, -0.2979 0.0728 0.0079, -0.2795 -0.1109 0.0079, 0.2766 -0.3751 0.0079, 0.2756 -0.3839 0.0079, 0.2756 -1.0728 0.0079, -0.3445 0.6299 0.0079, -0.3435 0.6212 0.0079, -0.3406 0.6128 0.0079, -0.3139 0.5915 0.0079, -0.3051 0.5906 0.0079, -0.2854 0.5906 0.0079, -0.139 0.4479 0.0079, -0.1328 0.4417 0.0079, -0.1253 0.437 0.0079, -0.0886 0.4331 0.0079, -0.0798 0.4341 0.0079, 0.1328 0.4417 0.0079, 0.315 0.0689 0.0079, 0.5906 0.0689 0.0079, 0.5906 -0.0886 0.0079, 0.3062 0.0699 0.0079, 0.315 -0.0886 0.0079, -0.0492 0.748 0.0079, 0.0492 0.748 0.0079, -0.0492 0.4724 0.0079, 0.0492 0.4724 0.0079, 0.0502 0.4637 0.0079, -0.2767 0.5915 0.0079, -0.2684 0.5945 0.0079, -0.1437 0.4554 0.0079, 0.0074 -1.2205 0.1294, 0.0074 -1.2205 0.1147, 0.0431 -1.2205 0.1147, 0.0074 -1.2205 0.1882, 0.0074 -1.2205 0.1773, 0.0431 -1.2205 0.1773, 0.1014 -1.2205 0.1223, 0.1022 -1.2205 0.1232, 0.1023 -1.2205 0.1294, 0.0573 -1.2205 0.2255, 0.06 -1.2205 0.2259, 0.0453 -1.2205 0.2259, 0.0668 -1.2205 0.1884, 0.0644 -1.2205 0.1882, 0.0767 -1.2205 0.1882, 0.0836 -1.2205 0.2213, 0.0836 -1.2205 0.2094, 0.0936 -1.2205 0.2094, 0.1661 -1.2205 0.1885, 0.1623 -1.2205 0.1986, 0.1487 -1.2205 0.1986, 0.0853 -1.2205 0.1294, 0.0849 -1.2205 0.1294, 0.0936 -1.2205 0.1294, 0.0774 -1.2205 0.1295, 0.0767 -1.2205 0.1298, 0.0767 -1.2205 0.1294, 0.13 -1.2205 0.1464, 0.13 -1.2205 0.1339, 0.137 -1.2205 0.1339, -0.0247 -1.2205 0.1966, -0.0176 -1.2205 0.1906, 0.0074 -1.2205 0.2259, -0.054 -1.2205 0.2259, -0.0481 -1.2205 0.2218, -0.0392 -1.2205 0.2114, -0.0339 -1.2205 0.201, -0.0326 -1.2205 0.2005, -0.1084 -1.2205 0.2296, -0.0962 -1.2205 0.2341, -0.3832 -1.2205 0.6378, 0.0074 -1.2205 0.6378, -0.0719 -1.2205 0.2341, -0.0587 -1.2205 0.2291, -0.084 -1.2205 0.2355, -0.1145 -1.2205 0.2259, -0.3832 -1.2205 0.2259, -0.1156 -1.2205 0.2252, -0.3832 -1.2205 0.1882, -0.1722 -1.2205 0.1882, -0.1699 -1.2205 0.1934, -0.1635 -1.2205 0.2015, -0.1436 -1.2205 0.2129, -0.1332 -1.2205 0.2142, -0.1218 -1.2205 0.2199, -0.1302 -1.2205 0.214, -0.1272 -1.2205 0.2136, -0.1618 -1.2205 0.2032, -0.1534 -1.2205 0.2091, -0.1566 -1.2205 0.1357, -0.1649 -1.2205 0.1427, -0.3832 -1.2205 0.1294, -0.1471 -1.2205 0.1311, -0.1709 -1.2205 0.1513, -0.1747 -1.2205 0.1611, -0.3832 -1.2205 0.1773, -0.1759 -1.2205 0.1715, -0.1759 -1.2205 0.174, -0.1753 -1.2205 0.1773, -0.1741 -1.2205 0.1839, -0.1438 -1.2205 0.1301, -0.1434 -1.2205 0.1294, -0.1411 -1.2205 0.1244, -0.1372 -1.2205 0.1196, -0.1078 -1.2205 0.1147, -0.1124 -1.2205 0.1129, 0.0074 -1.2205 0.0079, -0.1187 -1.2205 0.1122, -0.3832 -1.2205 0.0079, -0.1198 -1.2205 0.1122, -0.126 -1.2205 0.1131, -0.3832 -1.2205 0.1147, -0.1296 -1.2205 0.1147, -0.1321 -1.2205 0.1157, -0.094 -1.2205 0.1294, -0.0941 -1.2205 0.1293, -0.0972 -1.2205 0.1234, -0.1012 -1.2205 0.1189, -0.1065 -1.2205 0.1152, -0.009 -1.2205 0.1751, -0.0078 -1.2205 0.1665, -0.0604 -1.2205 0.1449, -0.0586 -1.2205 0.1456, -0.0555 -1.2205 0.1607, -0.0175 -1.2205 0.1414, -0.0247 -1.2205 0.1353, -0.099 -1.2205 0.1562, -0.0637 -1.2205 0.1746, -0.1036 -1.2205 0.1604, -0.1092 -1.2205 0.1634, -0.062 -1.2205 0.1438, -0.0123 -1.2205 0.1487, -0.0243 -1.2205 0.1685, -0.0255 -1.2205 0.1736, -0.0275 -1.2205 0.1773, -0.1587 -1.2205 0.1773, -0.009 -1.2205 0.157, -0.0565 -1.2205 0.1459, -0.0563 -1.2205 0.1459, -0.0555 -1.2205 0.1457, -0.1571 -1.2205 0.1615, -0.154 -1.2205 0.1561, -0.1406 -1.2205 0.1534, -0.1493 -1.2205 0.1513, -0.1435 -1.2205 0.1477, -0.1309 -1.2205 0.1621, -0.1362 -1.2205 0.1584, -0.1593 -1.2205 0.172, -0.159 -1.2205 0.1679, -0.125 -1.2205 0.1644, -0.1187 -1.2205 0.1651, -0.1155 -1.2205 0.1649, -0.0647 -1.2205 0.1377, -0.0646 -1.2205 0.1388, -0.0924 -1.2205 0.1411, -0.0641 -1.2205 0.1408, -0.0631 -1.2205 0.1426, -0.0295 -1.2205 0.1522, -0.0266 -1.2205 0.1564, -0.0248 -1.2205 0.1611, -0.0241 -1.2205 0.1662, -0.0586 -1.2205 0.1298, -0.0603 -1.2205 0.1305, -0.062 -1.2205 0.1317, -0.0626 -1.2205 0.1323, -0.0638 -1.2205 0.134, -0.0645 -1.2205 0.1358, -0.0925 -1.2205 0.1358, -0.0924 -1.2205 0.1385, -0.0327 -1.2205 0.1314, -0.0415 -1.2205 0.1296, -0.0571 -1.2205 0.1296, -0.055 -1.2205 0.1456, -0.0431 -1.2205 0.1456, -0.0384 -1.2205 0.1465, -0.0337 -1.2205 0.1487, -0.0298 -1.2205 0.1519, -0.0468 -1.2205 0.1867, -0.1563 -1.2205 0.1842, -0.1585 -1.2205 0.1784, -0.0447 -1.2205 0.1867, -0.0279 -1.2205 0.1781, -0.031 -1.2205 0.1815, -0.0351 -1.2205 0.1844, -0.0397 -1.2205 0.1861, -0.0525 -1.2205 0.2026, -0.0584 -1.2205 0.2097, -0.119 -1.2205 0.1944, -0.0591 -1.2205 0.2103, -0.0665 -1.2205 0.2154, -0.115 -1.2205 0.2027, -0.1535 -1.2205 0.1882, -0.1209 -1.2205 0.1954, -0.0471 -1.2205 0.1882, -0.0484 -1.2205 0.1941, -0.1268 -1.2205 0.1976, -0.133 -1.2205 0.1983, -0.1357 -1.2205 0.1982, -0.1091 -1.2205 0.2098, -0.0747 -1.2205 0.2186, -0.102 -1.2205 0.2149, -0.0837 -1.2205 0.2197, -0.0934 -1.2205 0.2184, -0.1422 -1.2205 0.1967, -0.1481 -1.2205 0.1935, -0.1526 -1.2205 0.1895, -0.0158 -1.2205 0.1882, -0.0122 -1.2205 0.1831, -0.0099 -1.2205 0.1773, 0.1452 -1.2205 0.1339, 0.1452 -1.2205 0.1297, 0.1487 -1.2205 0.1294, 0.137 -1.2205 0.1294, 0.1487 -1.2205 0.1773, 0.1443 -1.2205 0.1667, 0.1443 -1.2205 0.1625, 0.1433 -1.2205 0.1506, 0.1433 -1.2205 0.1464, 0.137 -1.2205 0.1464, 0.137 -1.2205 0.1625, 0.137 -1.2205 0.1506, 0.13 -1.2205 0.1625, 0.13 -1.2205 0.1506, 0.137 -1.2205 0.1297, 0.1252 -1.2205 0.1297, 0.1227 -1.2205 0.1294, 0.1252 -1.2205 0.1667, 0.0489 -1.2205 0.1423, 0.0495 -1.2205 0.1498, 0.0479 -1.2205 0.141, 0.0473 -1.2205 0.1394, 0.0745 -1.2205 0.1354, 0.0682 -1.2205 0.1467, 0.0745 -1.2205 0.1306, 0.0682 -1.2205 0.1297, 0.0612 -1.2205 0.1311, 0.0596 -1.2205 0.13, 0.0636 -1.2205 0.1297, 0.0579 -1.2205 0.1294, 0.0453 -1.2205 0.1294, 0.0477 -1.2205 0.1331, 0.0472 -1.2205 0.1347, 0.054 -1.2205 0.1562, 0.0453 -1.2205 0.1773, 0.0505 -1.2205 0.1549, 0.0495 -1.2205 0.1543, 0.0453 -1.2205 0.1147, 0.0527 -1.2205 0.1294, 0.0526 -1.2205 0.1294, 0.0508 -1.2205 0.13, 0.0503 -1.2205 0.1436, 0.0523 -1.2205 0.1446, 0.0524 -1.2205 0.1516, 0.0557 -1.2205 0.1454, 0.0598 -1.2205 0.1528, 0.0582 -1.2205 0.153, 0.0553 -1.2205 0.1527, 0.0492 -1.2205 0.1311, 0.0487 -1.2205 0.1317, 0.0636 -1.2205 0.1338, 0.0635 -1.2205 0.1338, 0.0627 -1.2205 0.1326, 0.0763 -1.2205 0.1343, 0.0767 -1.2205 0.1342, 0.0767 -1.2205 0.144, 0.0753 -1.2205 0.1522, 0.065 -1.2205 0.155, 0.0662 -1.2205 0.1538, 0.047 -1.2205 0.1368, 0.047 -1.2205 0.1374, 0.0679 -1.2205 0.1502, 0.0747 -1.2205 0.1472, 0.0747 -1.2205 0.1507, 0.0587 -1.2205 0.1568, 0.0615 -1.2205 0.1565, 0.0634 -1.2205 0.1559, 0.0636 -1.2205 0.1465, 0.0634 -1.2205 0.1486, 0.0629 -1.2205 0.1502, 0.0624 -1.2205 0.1512, 0.0671 -1.2205 0.1523, 0.0745 -1.2205 0.149, 0.0766 -1.2205 0.144, 0.0759 -1.2205 0.1448, 0.0753 -1.2205 0.1458, 0.0617 -1.2205 0.1519, 0.0609 -1.2205 0.1525, 0.079 -1.2205 0.1294, 0.0767 -1.2205 0.1147, 0.0817 -1.2205 0.1291, 0.0911 -1.2205 0.1556, 0.0911 -1.2205 0.1511, 0.0922 -1.2205 0.135, 0.0916 -1.2205 0.1335, 0.0907 -1.2205 0.1323, 0.0761 -1.2205 0.1534, 0.0767 -1.2205 0.1539, 0.0767 -1.2205 0.1773, 0.0775 -1.2205 0.1547, 0.079 -1.2205 0.1555, 0.0815 -1.2205 0.1564, 0.0849 -1.2205 0.1568, 0.0936 -1.2205 0.1773, 0.088 -1.2205 0.1565, 0.0908 -1.2205 0.1413, 0.0917 -1.2205 0.14, 0.0922 -1.2205 0.1386, 0.0924 -1.2205 0.1369, 0.0894 -1.2205 0.1312, 0.0879 -1.2205 0.1303, 0.0844 -1.2205 0.153, 0.083 -1.2205 0.1529, 0.0793 -1.2205 0.1494, 0.0818 -1.2205 0.1526, 0.0807 -1.2205 0.152, 0.0794 -1.2205 0.1488, 0.0796 -1.2205 0.1481, 0.0799 -1.2205 0.1475, 0.0803 -1.2205 0.147, 0.082 -1.2205 0.1459, 0.0875 -1.2205 0.1526, 0.0849 -1.2205 0.1447, 0.0901 -1.2205 0.1517, 0.0867 -1.2205 0.144, 0.0897 -1.2205 0.1422, 0.08 -1.2205 0.1514, 0.0796 -1.2205 0.1508, 0.0794 -1.2205 0.1502, 0.0792 -1.2205 0.1332, 0.0816 -1.2205 0.1413, 0.0788 -1.2205 0.1426, 0.0822 -1.2205 0.1328, 0.0824 -1.2205 0.1328, 0.0846 -1.2205 0.14, 0.0847 -1.2205 0.1331, 0.0876 -1.2205 0.1364, 0.0876 -1.2205 0.137, 0.0859 -1.2205 0.1336, 0.0864 -1.2205 0.1338, 0.0869 -1.2205 0.1343, 0.0873 -1.2205 0.1349, 0.0875 -1.2205 0.1355, 0.0874 -1.2205 0.1377, 0.087 -1.2205 0.1383, 0.0864 -1.2205 0.1389, 0.1713 -1.2205 0.1885, 0.1487 -1.2205 0.1882, 0.5906 -1.2205 0.1882, 0.5906 -1.2205 0.2259, 0.1572 -1.2205 0.2256, 0.1487 -1.2205 0.2259, 0.1468 -1.2205 0.1986, 0.1433 -1.2205 0.1885, 0.137 -1.2205 0.1882, 0.138 -1.2205 0.1885, 0.137 -1.2205 0.2259, 0.1487 -1.2205 0.2165, 0.1521 -1.2205 0.2256, 0.1227 -1.2205 0.1882, 0.1222 -1.2205 0.1892, 0.1159 -1.2205 0.1885, 0.1163 -1.2205 0.2256, 0.1227 -1.2205 0.2259, 0.1023 -1.2205 0.2259, 0.1023 -1.2205 0.1882, 0.1058 -1.2205 0.1885, 0.1058 -1.2205 0.2256, 0.1349 -1.2205 0.2008, 0.1331 -1.2205 0.197, 0.1317 -1.2205 0.2194, 0.134 -1.2205 0.2161, 0.1303 -1.2205 0.1937, 0.1265 -1.2205 0.1909, 0.1227 -1.2205 0.1894, 0.1303 -1.2205 0.2206, 0.122 -1.2205 0.2249, 0.1227 -1.2205 0.2247, 0.1265 -1.2205 0.2233, 0.1353 -1.2205 0.2126, 0.1359 -1.2205 0.2075, 0.1358 -1.2205 0.2051, 0.0936 -1.2205 0.2259, 0.0979 -1.2205 0.2256, 0.0936 -1.2205 0.2256, 0.0979 -1.2205 0.2213, 0.0988 -1.2205 0.1927, 0.0988 -1.2205 0.1885, 0.0936 -1.2205 0.1882, 0.0836 -1.2205 0.1927, 0.0936 -1.2205 0.1927, 0.0836 -1.2205 0.2052, 0.0936 -1.2205 0.2052, 0.0969 -1.2205 0.2052, 0.0969 -1.2205 0.2094, 0.0936 -1.2205 0.2213, 0.0788 -1.2205 0.2256, 0.0767 -1.2205 0.2259, 0.0788 -1.2205 0.1885, 0.0714 -1.2205 0.2247, 0.0675 -1.2205 0.2258, 0.0666 -1.2205 0.2259, 0.0936 -1.2205 0.1885, 0.0714 -1.2205 0.2197, 0.0708 -1.2205 0.1897, 0.0627 -1.2205 0.2219, 0.061 -1.2205 0.2218, 0.0585 -1.2205 0.1925, 0.0618 -1.2205 0.1921, 0.0635 -1.2205 0.1922, 0.071 -1.2205 0.2199, 0.0677 -1.2205 0.193, 0.0714 -1.2205 0.1946, 0.0714 -1.2205 0.19, 0.0533 -1.2205 0.1951, 0.0487 -1.2205 0.205, 0.0523 -1.2205 0.196, 0.0493 -1.2205 0.2014, 0.0506 -1.2205 0.1984, 0.0672 -1.2205 0.2213, 0.0578 -1.2205 0.2211, 0.0549 -1.2205 0.2197, 0.0526 -1.2205 0.2177, 0.0523 -1.2205 0.2175, 0.0505 -1.2205 0.2149, 0.0493 -1.2205 0.2117, 0.0487 -1.2205 0.2066, 0.0558 -1.2205 0.1934, 0.0626 -1.2205 0.2262, 0.0453 -1.2205 0.6378, 0.0767 -1.2205 0.6378, 0.0463 -1.2205 0.2172, 0.049 -1.2205 0.2207, 0.0499 -1.2205 0.2216, 0.0534 -1.2205 0.224, 0.0453 -1.2205 0.1979, 0.0444 -1.2205 0.2003, 0.0431 -1.2205 0.1882, 0.0436 -1.2205 0.2063, 0.0437 -1.2205 0.2083, 0.0431 -1.2205 0.2259, 0.0445 -1.2205 0.2131, 0.0453 -1.2205 0.2149, 0.0509 -1.2205 0.1907, 0.0484 -1.2205 0.1929, 0.0453 -1.2205 0.1882, 0.0481 -1.2205 0.1933, 0.0459 -1.2205 0.1964, 0.0611 -1.2205 0.1879, 0.0583 -1.2205 0.188, 0.0577 -1.2205 0.1882, 0.0544 -1.2205 0.189, 0.0578 -1.2205 0.1293, 0.0554 -1.2205 0.1291, 0.1154 -1.2205 0.1562, 0.1202 -1.2205 0.1562, 0.1227 -1.2205 0.1773, 0.137 -1.2205 0.1667, 0.137 -1.2205 0.1773, 0.1097 -1.2205 0.1294, 0.1069 -1.2205 0.1363, 0.1075 -1.2205 0.1341, 0.1076 -1.2205 0.1341, 0.1023 -1.2205 0.1773, 0.1023 -1.2205 0.1497, 0.1082 -1.2205 0.1362, 0.1078 -1.2205 0.135, 0.1023 -1.2205 0.1372, 0.0948 -1.2205 0.1562, 0.1 -1.2205 0.1562, 0.1052 -1.2205 0.1297, 0.105 -1.2205 0.1294, 0.1032 -1.2205 0.1249, 0.0936 -1.2205 0.1147, 0.0958 -1.2205 0.1176, 0.0958 -1.2205 0.1217, 0.0967 -1.2205 0.1214, 0.0984 -1.2205 0.1212, 0.1023 -1.2205 0.118, 0.1006 -1.2205 0.1174, 0.1023 -1.2205 0.1147, 0.0988 -1.2205 0.1172, 0.0977 -1.2205 0.1172, 0.0996 -1.2205 0.1213, 0.1006 -1.2205 0.1217, 0.1082 -1.2205 0.1257, 0.1061 -1.2205 0.1216, 0.1227 -1.2205 0.1147, 0.1044 -1.2205 0.1195, 0.1041 -1.2205 0.1193, 0.1025 -1.2205 0.1181, -0.5906 -1.2205 0.1147, -0.5906 -1.2205 0.1294, -0.5906 -1.2205 0.1773, -0.5906 -1.2205 0.1882, -0.5906 -1.2205 0.2259, -0.5906 -1.2205 0.6378, 0.0421 -1.2205 0.1927, 0.0421 -1.2205 0.1885, 0.0226 -1.2205 0.1885, 0.0274 -1.2205 0.2256, 0.0274 -1.2205 0.1927, 0.0226 -1.2205 0.2256, 0.0431 -1.2205 0.1294, 0.0425 -1.2205 0.1297, 0.0226 -1.2205 0.1297, 0.0425 -1.2205 0.1339, 0.0417 -1.2205 0.1625, 0.0274 -1.2205 0.1464, 0.0274 -1.2205 0.1339, 0.0406 -1.2205 0.1464, 0.0406 -1.2205 0.1506, 0.0274 -1.2205 0.1506, 0.0274 -1.2205 0.1625, 0.0226 -1.2205 0.1667, 0.0417 -1.2205 0.1667, 0.0431 -1.2205 0.6378, 0.0936 -1.2205 0.6378, 0.1023 -1.2205 0.6378, 0.1227 -1.2205 0.6378, 0.137 -1.2205 0.6378, 0.1487 -1.2205 0.6378, 0.5906 -1.2205 0.6378, 0.5906 -1.2205 0.1773, 0.1522 -1.2205 0.1297, 0.1522 -1.2205 0.1667, 0.1985 -1.2205 0.1667, 0.2036 -1.2205 0.1667, 0.1624 -1.2205 0.1297, 0.1844 -1.2205 0.1297, 0.1795 -1.2205 0.1382, 0.1768 -1.2205 0.1349, 0.2125 -1.2205 0.1297, 0.2178 -1.2205 0.1297, 0.5906 -1.2205 0.1294, 0.2087 -1.2205 0.1398, 0.1933 -1.2205 0.1398, 0.1897 -1.2205 0.1297, 0.1729 -1.2205 0.1321, 0.1686 -1.2205 0.1304, 0.1768 -1.2205 0.1618, 0.1781 -1.2205 0.1606, 0.1804 -1.2205 0.1573, 0.1817 -1.2205 0.1538, 0.1627 -1.2205 0.1667, 0.1684 -1.2205 0.1661, 0.1729 -1.2205 0.1645, 0.1824 -1.2205 0.1487, 0.1822 -1.2205 0.1463, 0.1813 -1.2205 0.142, 0.137 -1.2205 0.1147, 0.1487 -1.2205 0.1147, 0.5906 -1.2205 0.1147, 0.0431 -1.2205 0.0079, 0.0453 -1.2205 0.0079, 0.0767 -1.2205 0.0079, 0.0936 -1.2205 0.0079, 0.1023 -1.2205 0.0079, 0.1227 -1.2205 0.0079, 0.137 -1.2205 0.0079, 0.1487 -1.2205 0.0079, 0.5906 -0.6791 0.0787, 0.5906 -0.6791 0.0079, 0.5906 -0.4429 0.0079, 0.5906 -0.0886 0.0787, 0.5906 0.0689 0.0787, 0.5906 0.1673 0.0787, 0.5906 0.748 0.6378, 0.5906 -1.0138 0.0787, 0.5906 -1.1122 0.0787, 0.5906 -0.3445 0.0787, 0.5906 -0.187 0.0787, 0.5906 0.4232 0.0787, 0.5906 0.3248 0.0787, 0.5906 -0.4429 0.0787, 0.5906 -0.7776 0.0787, 0.5906 -0.7776 0.0079, 0.5906 -1.0138 0.0079, 0.5118 -0.7776 0.0079, 0.5118 -1.0138 0.0079, 0.5118 -0.4429 0.0079, 0.5118 -0.6791 0.0079, 0.2461 0.748 0.0787, 0.1476 0.748 0.0787, -0.5906 0.748 0.6378, 0.0492 0.748 0.0787, 0.4429 0.748 0.0787, 0.5413 0.748 0.0787, -0.1476 0.748 0.0787, -0.2461 0.748 0.0787, -0.3445 0.748 0.0787, 0.3445 0.748 0.0787, -0.0492 0.748 0.0787, -0.5413 0.748 0.0787, -0.4429 0.748 0.0787, -0.5118 -0.4429 0.0079, -0.5118 -0.6791 0.0079, -0.5906 -0.4429 0.0079, -0.5906 -0.6791 0.0079, -0.5118 -0.7776 0.0079, -0.5118 -1.0138 0.0079, -0.5906 -0.7776 0.0079, -0.5906 -1.0138 0.0079, -0.5906 -0.187 0.0787, -0.5906 -0.3445 0.0787, -0.5906 -0.4429 0.0787, -0.5906 0.3248 0.0787, -0.5906 0.1673 0.0787, -0.5906 0.0689 0.0787, -0.5906 0.4232 0.0787, -0.5906 -0.7776 0.0787, -0.5906 -0.6791 0.0787, -0.5906 -0.0886 0.0787, -0.5906 -1.1122 0.0787, -0.5906 -1.0138 0.0787, -0.482 0.5384 0.6378, -0.4743 0.557 0.6378, -0.3531 0.5729 0.6378, -0.3409 0.557 0.6378, -0.3332 0.5384 0.6378, -0.4621 0.464 0.6378, -0.4461 0.4517 0.6378, -0.4275 0.4441 0.6378, -0.3306 0.5185 0.6378, -0.3332 0.4985 0.6378, -0.3409 0.4799 0.6378, -0.3531 0.464 0.6378, -0.3691 0.4517 0.6378, -0.3877 0.4441 0.6378, -0.4076 0.4414 0.6378, -0.4743 0.4799 0.6378, -0.482 0.4985 0.6378, -0.4846 0.5185 0.6378, -0.4621 0.5729 0.6378, -0.4461 0.5852 0.6378, -0.4275 0.5929 0.6378, -0.4076 0.5955 0.6378, -0.3877 0.5929 0.6378, -0.3691 0.5852 0.6378
            ]
        }
        coordIndex [
            0,1,2,-1,3,4,5,-1,6,3,7,-1,8,9,10,-1,11,12,13,-1,14,15,16,-1,13,17,11,-1,11,17,18,-1,11,18,19,-1,19,18,20,-1,19,20,21,-1,22,23,24,-1,25,26,27,-1,27,26,28,-1,27,28,29,-1,29,28,30,-1,31,32,33,-1,34,35,36,-1,37,38,39,-1,39,38,10,-1,39,10,40,-1,40,10,9,-1,34,36,41,-1,42,43,11,-1,11,43,44,-1,11,44,12,-1,12,44,45,-1,46,47,22,-1,22,47,48,-1,22,48,23,-1,30,28,49,-1,49,28,50,-1,49,50,51,-1,5,52,3,-1,3,52,53,-1,3,53,7,-1,7,53,54,-1,7,54,2,-1,2,54,55,-1,2,55,0,-1,24,14,22,-1,22,14,16,-1,22,16,56,-1,56,16,57,-1,58,59,2,-1,60,61,62,-1,62,61,63,-1,62,63,3,-1,3,63,64,-1,46,65,47,-1,47,65,66,-1,47,66,67,-1,67,66,68,-1,15,69,16,-1,16,69,70,-1,16,70,71,-1,72,73,74,-1,73,72,75,-1,75,72,76,-1,75,76,77,-1,31,33,78,-1,78,33,79,-1,78,79,80,-1,75,81,82,-1,83,84,85,-1,85,84,86,-1,8,10,87,-1,87,10,88,-1,87,88,89,-1,64,90,3,-1,3,90,91,-1,3,91,4,-1,92,93,60,-1,94,95,96,-1,97,98,16,-1,16,98,99,-1,36,100,41,-1,41,100,101,-1,41,101,102,-1,102,101,103,-1,102,103,88,-1,88,103,104,-1,88,104,89,-1,89,104,105,-1,89,105,75,-1,75,105,106,-1,107,108,75,-1,75,108,109,-1,110,111,112,-1,112,111,113,-1,114,115,1,-1,116,117,89,-1,89,117,118,-1,89,118,87,-1,71,119,16,-1,16,119,120,-1,16,120,49,-1,121,122,62,-1,62,122,123,-1,62,123,124,-1,74,125,72,-1,72,125,94,-1,72,94,126,-1,126,94,96,-1,7,75,6,-1,6,75,77,-1,6,77,16,-1,16,77,127,-1,16,127,97,-1,99,128,16,-1,16,128,129,-1,16,129,57,-1,106,130,75,-1,75,130,131,-1,75,131,132,-1,133,134,75,-1,51,135,49,-1,49,135,136,-1,49,136,16,-1,16,136,137,-1,16,137,138,-1,132,139,75,-1,75,139,140,-1,75,140,141,-1,75,142,143,-1,82,144,75,-1,75,144,145,-1,75,145,146,-1,146,147,75,-1,75,147,148,-1,75,148,73,-1,110,149,111,-1,111,149,150,-1,111,150,151,-1,151,150,152,-1,151,152,153,-1,154,155,156,-1,115,157,1,-1,1,157,158,-1,1,158,2,-1,2,158,159,-1,2,159,160,-1,59,161,2,-1,2,161,162,-1,2,162,89,-1,89,162,163,-1,89,163,116,-1,45,164,12,-1,12,164,165,-1,12,165,166,-1,166,165,167,-1,166,167,168,-1,168,167,169,-1,168,169,170,-1,171,62,172,-1,172,62,173,-1,124,174,62,-1,62,174,175,-1,62,175,60,-1,60,175,176,-1,60,176,92,-1,177,178,179,-1,179,178,60,-1,179,60,180,-1,180,60,93,-1,109,181,75,-1,75,181,182,-1,75,182,142,-1,86,183,85,-1,85,183,154,-1,85,154,184,-1,184,154,156,-1,185,186,1,-1,1,186,187,-1,1,187,114,-1,138,188,16,-1,16,188,189,-1,16,189,62,-1,62,189,190,-1,62,190,173,-1,191,171,192,-1,134,193,194,-1,194,193,195,-1,194,195,196,-1,134,194,75,-1,75,194,197,-1,75,197,107,-1,198,199,200,-1,200,199,201,-1,200,201,32,-1,32,201,202,-1,32,202,33,-1,160,203,2,-1,2,203,204,-1,2,204,205,-1,191,206,171,-1,171,206,207,-1,171,207,62,-1,62,207,208,-1,62,208,121,-1,209,210,211,-1,212,75,213,-1,213,75,141,-1,213,141,214,-1,214,141,215,-1,214,215,216,-1,75,217,218,-1,58,2,219,-1,219,2,205,-1,219,205,85,-1,85,205,220,-1,85,220,83,-1,91,221,4,-1,4,221,222,-1,4,222,170,-1,170,222,223,-1,170,223,168,-1,211,224,209,-1,209,224,225,-1,209,225,216,-1,216,225,226,-1,216,226,214,-1,212,227,75,-1,75,227,228,-1,75,228,229,-1,230,231,75,-1,75,231,232,-1,75,232,217,-1,218,233,75,-1,75,233,234,-1,75,234,133,-1,143,235,75,-1,75,235,199,-1,75,199,81,-1,81,199,198,-1,236,237,238,-1,192,239,191,-1,191,239,236,-1,191,236,240,-1,240,236,238,-1,241,242,243,-1,243,242,244,-1,243,244,196,-1,196,244,245,-1,196,245,194,-1,229,246,75,-1,75,246,247,-1,75,247,230,-1,230,247,112,-1,230,112,248,-1,248,112,113,-1,249,250,251,-1,252,253,254,-1,255,256,257,-1,258,259,260,-1,261,262,263,-1,264,265,266,-1,267,268,269,-1,270,271,272,-1,273,274,275,-1,276,277,278,-1,279,280,281,-1,281,280,252,-1,282,283,281,-1,281,283,284,-1,284,285,281,-1,281,285,286,-1,281,286,279,-1,287,288,289,-1,290,291,292,-1,289,288,290,-1,290,288,293,-1,290,293,291,-1,287,289,294,-1,294,289,295,-1,294,295,296,-1,297,298,295,-1,295,298,299,-1,295,299,300,-1,295,301,296,-1,296,301,302,-1,296,302,303,-1,303,302,304,-1,303,304,305,-1,300,306,295,-1,295,306,307,-1,295,307,301,-1,308,309,310,-1,308,310,311,-1,309,312,310,-1,310,312,313,-1,310,313,314,-1,314,313,315,-1,315,316,314,-1,314,316,317,-1,314,317,297,-1,297,317,318,-1,297,318,298,-1,319,311,320,-1,320,311,310,-1,320,310,321,-1,321,310,322,-1,323,324,325,-1,325,324,326,-1,325,326,327,-1,326,328,327,-1,327,328,329,-1,327,329,330,-1,330,329,331,-1,330,331,310,-1,310,331,332,-1,310,332,322,-1,249,333,250,-1,250,333,334,-1,250,334,335,-1,335,336,250,-1,250,336,337,-1,250,337,323,-1,338,339,253,-1,340,341,342,-1,343,344,249,-1,345,346,347,-1,347,346,348,-1,340,342,349,-1,343,249,350,-1,351,352,346,-1,346,352,353,-1,346,353,354,-1,253,339,249,-1,249,339,355,-1,249,355,350,-1,341,356,342,-1,342,356,357,-1,342,357,358,-1,359,360,361,-1,361,360,362,-1,361,362,363,-1,364,354,365,-1,365,354,366,-1,365,366,361,-1,361,366,367,-1,361,367,359,-1,364,368,354,-1,354,368,369,-1,354,369,346,-1,346,369,370,-1,346,370,348,-1,371,372,373,-1,373,372,374,-1,373,374,342,-1,342,374,375,-1,342,375,349,-1,376,377,342,-1,342,377,378,-1,342,378,346,-1,346,378,379,-1,346,379,351,-1,380,381,333,-1,333,381,382,-1,333,382,383,-1,383,384,333,-1,333,384,385,-1,333,385,386,-1,386,385,371,-1,386,371,387,-1,387,371,373,-1,344,388,249,-1,249,388,389,-1,249,389,333,-1,333,389,390,-1,333,390,380,-1,358,391,342,-1,342,391,392,-1,342,392,393,-1,393,394,342,-1,342,394,395,-1,342,395,376,-1,396,397,398,-1,398,354,396,-1,396,354,353,-1,396,353,399,-1,399,353,400,-1,400,401,399,-1,399,401,402,-1,399,402,403,-1,404,405,406,-1,405,407,406,-1,406,407,408,-1,406,408,409,-1,410,406,411,-1,397,396,410,-1,410,396,412,-1,410,412,406,-1,406,412,413,-1,406,413,404,-1,411,414,410,-1,410,414,415,-1,410,415,416,-1,409,408,417,-1,417,408,418,-1,417,418,419,-1,419,418,420,-1,419,420,421,-1,422,423,416,-1,416,423,424,-1,416,424,410,-1,280,425,252,-1,252,425,426,-1,252,426,253,-1,253,426,427,-1,253,427,338,-1,428,429,430,-1,430,429,431,-1,432,433,434,-1,435,436,428,-1,428,436,278,-1,278,436,437,-1,278,437,276,-1,434,438,439,-1,439,438,440,-1,439,440,441,-1,429,442,431,-1,431,442,443,-1,431,443,444,-1,444,443,445,-1,446,447,448,-1,448,447,449,-1,450,451,452,-1,452,451,453,-1,452,453,274,-1,454,455,456,-1,456,455,457,-1,456,457,453,-1,458,459,460,-1,461,462,463,-1,463,462,464,-1,465,466,458,-1,458,466,467,-1,458,467,468,-1,446,469,447,-1,447,469,470,-1,447,470,471,-1,471,470,472,-1,473,474,472,-1,472,474,475,-1,472,475,471,-1,468,476,458,-1,458,476,477,-1,458,477,459,-1,478,479,456,-1,456,479,480,-1,456,480,454,-1,481,482,483,-1,484,485,486,-1,460,487,458,-1,458,487,488,-1,458,488,462,-1,462,488,449,-1,462,449,464,-1,464,449,447,-1,489,451,490,-1,484,486,491,-1,461,492,462,-1,462,492,493,-1,462,493,494,-1,495,496,472,-1,472,496,497,-1,472,497,498,-1,481,483,450,-1,486,499,491,-1,491,499,489,-1,491,489,500,-1,500,489,490,-1,483,501,450,-1,450,501,502,-1,450,502,451,-1,451,502,503,-1,451,503,490,-1,498,504,472,-1,472,504,505,-1,472,505,473,-1,273,275,506,-1,506,275,507,-1,506,507,508,-1,509,510,272,-1,511,512,272,-1,272,512,513,-1,514,515,516,-1,516,515,517,-1,516,517,518,-1,518,519,516,-1,516,519,520,-1,516,520,521,-1,521,520,522,-1,521,522,509,-1,523,524,510,-1,510,524,525,-1,510,525,272,-1,272,525,526,-1,272,526,511,-1,513,527,272,-1,272,527,528,-1,272,528,270,-1,529,530,531,-1,531,530,532,-1,531,532,533,-1,531,534,529,-1,529,534,535,-1,529,535,536,-1,536,537,529,-1,529,537,538,-1,529,538,539,-1,539,538,540,-1,539,540,541,-1,541,540,542,-1,541,542,510,-1,510,542,543,-1,510,543,523,-1,544,545,533,-1,533,545,546,-1,533,546,531,-1,547,548,482,-1,482,548,549,-1,482,549,483,-1,547,550,548,-1,548,550,551,-1,548,551,552,-1,552,551,553,-1,552,554,555,-1,553,556,552,-1,552,556,557,-1,552,557,558,-1,558,559,552,-1,552,559,560,-1,552,560,554,-1,555,561,552,-1,552,561,562,-1,552,562,563,-1,564,267,565,-1,566,567,568,-1,568,567,569,-1,267,269,565,-1,565,269,570,-1,565,570,571,-1,572,573,574,-1,574,573,575,-1,574,575,569,-1,569,575,576,-1,569,576,568,-1,577,578,579,-1,580,581,582,-1,577,579,583,-1,583,579,584,-1,583,584,582,-1,582,584,585,-1,582,585,580,-1,586,587,572,-1,588,589,574,-1,587,590,572,-1,572,590,591,-1,572,591,577,-1,577,591,592,-1,577,592,578,-1,588,574,593,-1,580,594,581,-1,581,594,595,-1,581,595,574,-1,574,595,596,-1,574,596,593,-1,589,597,574,-1,574,597,598,-1,574,598,572,-1,572,598,599,-1,572,599,586,-1,582,600,601,-1,601,600,602,-1,601,603,582,-1,582,603,604,-1,582,604,583,-1,583,604,605,-1,583,605,606,-1,607,608,609,-1,609,608,610,-1,610,608,611,-1,611,608,604,-1,611,604,612,-1,612,604,603,-1,612,603,266,-1,266,603,613,-1,266,613,264,-1,602,600,614,-1,614,600,615,-1,614,615,616,-1,617,615,618,-1,618,615,619,-1,605,620,606,-1,606,620,616,-1,606,616,263,-1,263,616,615,-1,263,615,621,-1,621,615,617,-1,261,263,622,-1,623,624,625,-1,626,627,628,-1,628,627,629,-1,628,629,621,-1,621,629,630,-1,621,630,263,-1,263,630,631,-1,263,631,622,-1,632,633,634,-1,634,633,635,-1,634,635,636,-1,626,628,625,-1,625,628,637,-1,625,637,623,-1,624,638,625,-1,625,638,639,-1,625,639,640,-1,640,641,625,-1,625,641,642,-1,625,642,643,-1,643,644,625,-1,625,644,633,-1,625,633,645,-1,645,633,632,-1,259,646,647,-1,647,646,619,-1,647,619,648,-1,260,649,650,-1,650,651,260,-1,260,651,652,-1,260,652,258,-1,653,654,655,-1,656,657,658,-1,658,657,659,-1,658,659,260,-1,260,659,660,-1,260,660,649,-1,661,662,663,-1,663,662,664,-1,663,664,665,-1,666,667,462,-1,462,667,668,-1,462,668,663,-1,663,668,669,-1,663,669,661,-1,485,484,494,-1,494,484,514,-1,494,514,462,-1,462,514,516,-1,462,516,666,-1,274,453,275,-1,275,453,457,-1,275,457,507,-1,507,457,670,-1,507,670,465,-1,465,670,671,-1,465,671,466,-1,672,673,674,-1,433,432,675,-1,675,432,676,-1,675,676,445,-1,445,676,674,-1,445,674,444,-1,444,674,673,-1,444,673,677,-1,678,679,680,-1,674,681,672,-1,672,681,682,-1,672,682,683,-1,683,682,678,-1,683,678,684,-1,684,678,680,-1,257,685,272,-1,272,685,686,-1,509,272,521,-1,521,272,686,-1,521,686,681,-1,681,686,687,-1,681,687,682,-1,688,685,689,-1,689,685,257,-1,689,257,690,-1,690,257,256,-1,691,692,693,-1,508,507,271,-1,271,507,691,-1,271,691,272,-1,272,691,693,-1,272,693,257,-1,257,693,694,-1,257,694,695,-1,696,697,698,-1,698,697,699,-1,698,699,691,-1,691,699,700,-1,691,700,692,-1,695,701,257,-1,257,701,702,-1,257,702,255,-1,703,704,705,-1,703,705,677,-1,704,706,705,-1,705,706,707,-1,705,707,698,-1,698,707,708,-1,698,708,696,-1,11,327,709,-1,709,327,330,-1,709,330,710,-1,710,330,310,-1,710,310,711,-1,711,310,314,-1,711,314,712,-1,712,314,297,-1,712,297,713,-1,713,297,295,-1,713,295,714,-1,714,295,289,-1,715,716,655,-1,655,716,717,-1,718,658,281,-1,654,656,655,-1,655,656,658,-1,655,658,715,-1,715,658,718,-1,715,718,719,-1,254,655,252,-1,252,655,717,-1,252,717,281,-1,281,717,720,-1,281,720,718,-1,721,722,723,-1,722,721,724,-1,724,721,254,-1,724,254,725,-1,726,727,728,-1,728,727,724,-1,728,724,729,-1,729,724,725,-1,729,725,730,-1,730,725,731,-1,251,721,249,-1,249,721,723,-1,249,723,253,-1,253,723,732,-1,253,732,254,-1,254,732,733,-1,254,733,725,-1,259,647,260,-1,260,647,734,-1,260,734,658,-1,658,734,290,-1,658,290,281,-1,281,290,292,-1,281,292,282,-1,251,465,721,-1,721,465,458,-1,721,458,254,-1,254,458,462,-1,254,462,655,-1,655,462,663,-1,655,663,653,-1,653,663,665,-1,432,572,676,-1,676,572,577,-1,676,577,674,-1,674,577,583,-1,674,583,681,-1,681,583,606,-1,681,606,521,-1,521,606,263,-1,521,263,516,-1,516,263,262,-1,516,262,666,-1,619,615,648,-1,648,615,600,-1,648,600,735,-1,735,600,582,-1,735,582,736,-1,736,582,581,-1,736,581,737,-1,737,581,574,-1,737,574,738,-1,738,574,569,-1,738,569,739,-1,739,569,567,-1,739,567,740,-1,568,564,566,-1,566,564,565,-1,566,565,741,-1,742,743,432,-1,432,744,745,-1,439,435,434,-1,434,435,428,-1,434,428,432,-1,432,428,430,-1,432,430,742,-1,742,430,746,-1,747,748,749,-1,750,430,751,-1,751,430,752,-1,751,752,745,-1,745,752,741,-1,745,741,432,-1,432,741,565,-1,432,565,572,-1,572,565,571,-1,572,571,573,-1,753,754,750,-1,750,754,755,-1,750,755,430,-1,430,755,747,-1,430,747,746,-1,749,756,747,-1,747,756,757,-1,747,757,746,-1,758,759,744,-1,744,759,760,-1,744,760,761,-1,743,762,432,-1,432,762,763,-1,432,763,744,-1,744,763,764,-1,744,764,758,-1,761,765,744,-1,744,765,766,-1,744,766,747,-1,747,766,767,-1,747,767,748,-1,677,705,444,-1,444,705,768,-1,444,768,431,-1,431,768,769,-1,431,769,430,-1,430,769,770,-1,430,770,752,-1,323,325,250,-1,250,325,771,-1,250,771,251,-1,251,771,772,-1,251,772,465,-1,465,772,773,-1,465,773,507,-1,507,773,774,-1,507,774,691,-1,691,774,775,-1,691,775,698,-1,698,775,776,-1,698,776,705,-1,705,776,777,-1,705,777,768,-1,768,777,778,-1,768,778,769,-1,769,778,19,-1,769,19,770,-1,779,780,781,-1,782,238,237,-1,783,784,785,-1,786,740,787,-1,787,740,19,-1,787,19,21,-1,178,177,788,-1,788,177,789,-1,47,67,790,-1,790,67,785,-1,790,785,791,-1,791,785,784,-1,791,784,25,-1,25,784,26,-1,781,792,779,-1,779,792,740,-1,779,740,793,-1,793,740,786,-1,793,786,794,-1,794,786,795,-1,237,783,782,-1,782,783,785,-1,782,785,789,-1,789,785,740,-1,789,740,788,-1,788,740,792,-1,796,794,797,-1,797,794,795,-1,798,781,799,-1,799,781,780,-1,800,80,79,-1,785,801,802,-1,802,801,803,-1,804,785,805,-1,805,785,67,-1,805,67,68,-1,806,151,153,-1,807,808,802,-1,96,95,804,-1,804,95,809,-1,804,809,785,-1,785,809,800,-1,785,800,801,-1,801,800,79,-1,153,807,806,-1,806,807,802,-1,806,802,810,-1,810,802,803,-1,810,803,241,-1,241,803,242,-1,35,34,811,-1,811,34,802,-1,811,802,812,-1,812,802,808,-1,812,808,210,-1,210,808,211,-1,813,814,815,-1,815,814,816,-1,817,818,819,-1,819,818,820,-1,821,186,185,-1,822,823,714,-1,824,38,37,-1,825,826,714,-1,37,825,824,-1,824,825,714,-1,824,714,827,-1,827,714,802,-1,827,802,41,-1,41,802,34,-1,828,714,829,-1,829,714,823,-1,829,823,816,-1,816,823,815,-1,185,822,821,-1,821,822,714,-1,821,714,830,-1,830,714,826,-1,830,826,155,-1,155,826,156,-1,42,11,831,-1,831,11,714,-1,831,714,832,-1,832,714,828,-1,832,828,820,-1,820,828,819,-1,833,834,802,-1,835,836,785,-1,785,836,837,-1,838,714,839,-1,839,714,840,-1,837,841,785,-1,785,841,842,-1,785,842,740,-1,740,842,843,-1,740,843,844,-1,844,845,740,-1,740,845,846,-1,740,846,714,-1,714,846,847,-1,714,847,840,-1,838,848,714,-1,714,848,849,-1,714,849,802,-1,802,849,850,-1,802,850,833,-1,834,851,802,-1,802,851,852,-1,802,852,853,-1,853,854,802,-1,802,854,855,-1,802,855,785,-1,785,855,856,-1,785,856,835,-1,
        ]
    }
}
Shape{
    appearance Appearance {
        material  Material 	{
            diffuseColor 1.0 1.0 1.0
            specularColor 0.5019607843137255 0.5019607843137255 0.5019607843137255
            ambientIntensity 1.0
            transparency 0.0
            shininess 0.5
        }
    }
    geometry IndexedFaceSet {
        ccw TRUE
        solid FALSE
        coord DEF co Coordinate {
            point [
                -0.3306 0.5185 0.6339, -0.3306 0.5185 0.6378, -0.3332 0.5384 0.6339, -0.3332 0.5384 0.6378, -0.3409 0.557 0.6339, -0.3409 0.557 0.6378, -0.3531 0.5729 0.6339, -0.3531 0.5729 0.6378, -0.3691 0.5852 0.6339, -0.3691 0.5852 0.6378, -0.3877 0.5929 0.6339, -0.3877 0.5929 0.6378, -0.4076 0.5955 0.6339, -0.4076 0.5955 0.6378, -0.4275 0.5929 0.6339, -0.4275 0.5929 0.6378, -0.4461 0.5852 0.6339, -0.4461 0.5852 0.6378, -0.4621 0.5729 0.6339, -0.4621 0.5729 0.6378, -0.4743 0.557 0.6339, -0.4743 0.557 0.6378, -0.482 0.5384 0.6339, -0.482 0.5384 0.6378, -0.4846 0.5185 0.6339, -0.4846 0.5185 0.6378, -0.482 0.4985 0.6339, -0.482 0.4985 0.6378, -0.4743 0.4799 0.6339, -0.4743 0.4799 0.6378, -0.4621 0.464 0.6339, -0.4621 0.464 0.6378, -0.4461 0.4517 0.6339, -0.4461 0.4517 0.6378, -0.4275 0.4441 0.6339, -0.4275 0.4441 0.6378, -0.4076 0.4414 0.6339, -0.4076 0.4414 0.6378, -0.3877 0.4441 0.6339, -0.3877 0.4441 0.6378, -0.3691 0.4517 0.6339, -0.3691 0.4517 0.6378, -0.3531 0.464 0.6339, -0.3531 0.464 0.6378, -0.3409 0.4799 0.6339, -0.3409 0.4799 0.6378, -0.3332 0.4985 0.6339, -0.3332 0.4985 0.6378, -0.4076 0.5185 0.6339
            ]
        }
        coordIndex [
            0,1,2,-1,2,1,3,-1,2,3,4,-1,4,3,5,-1,4,5,6,-1,6,5,7,-1,6,7,8,-1,8,7,9,-1,8,9,10,-1,10,9,11,-1,10,11,12,-1,12,11,13,-1,12,13,14,-1,14,13,15,-1,14,15,16,-1,16,15,17,-1,16,17,18,-1,18,17,19,-1,18,19,20,-1,20,19,21,-1,20,21,22,-1,22,21,23,-1,22,23,24,-1,24,23,25,-1,24,25,26,-1,26,25,27,-1,26,27,28,-1,28,27,29,-1,28,29,30,-1,30,29,31,-1,30,31,32,-1,32,31,33,-1,32,33,34,-1,34,33,35,-1,34,35,36,-1,36,35,37,-1,36,37,38,-1,38,37,39,-1,38,39,40,-1,40,39,41,-1,40,41,42,-1,42,41,43,-1,42,43,44,-1,44,43,45,-1,44,45,46,-1,46,45,47,-1,46,47,0,-1,0,47,1,-1,44,46,48,-1,48,46,0,-1,48,0,2,-1,38,40,48,-1,48,40,42,-1,48,42,44,-1,32,34,48,-1,48,34,36,-1,48,36,38,-1,26,28,48,-1,48,28,30,-1,48,30,32,-1,20,22,48,-1,48,22,24,-1,48,24,26,-1,14,16,48,-1,48,16,18,-1,48,18,20,-1,8,10,48,-1,48,10,12,-1,48,12,14,-1,2,4,48,-1,48,4,6,-1,48,6,8,-1,
        ]
    }
}
Shape{
    appearance Appearance {
        material  Material 	{
            diffuseColor 0.7529411764705882 0.7529411764705882 0.7529411764705882
            specularColor 0.3764705882352941 0.3764705882352941 0.3764705882352941
            ambientIntensity 0.7529
            transparency 0.0
            shininess 0.5
        }
    }
    geometry IndexedFaceSet {
        ccw TRUE
        solid FALSE
        coord DEF co Coordinate {
            point [
                -0.0492 0.752 0.0787, -0.1476 0.752 0.0787, -0.0492 0.748 0.0787, -0.1476 0.748 0.0787, -0.1476 0.748 0.0079, -0.1476 0.752 0.0, -0.1476 0.4724 0.0079, -0.1476 0.4724 0.0, -0.1467 0.4637 0.0, -0.1467 0.4637 0.0079, -0.1437 0.4554 0.0, -0.1437 0.4554 0.0079, -0.139 0.4479 0.0, -0.139 0.4479 0.0079, -0.1328 0.4417 0.0, -0.1328 0.4417 0.0079, -0.1253 0.437 0.0, -0.1253 0.437 0.0079, -0.117 0.4341 0.0, -0.117 0.4341 0.0079, -0.1083 0.4331 0.0, -0.1083 0.4331 0.0079, -0.0886 0.4331 0.0, -0.0886 0.4331 0.0079, -0.0798 0.4341 0.0, -0.0798 0.4341 0.0079, -0.0715 0.437 0.0, -0.0715 0.437 0.0079, -0.064 0.4417 0.0, -0.064 0.4417 0.0079, -0.0578 0.4479 0.0, -0.0578 0.4479 0.0079, -0.0531 0.4554 0.0, -0.0531 0.4554 0.0079, -0.0502 0.4637 0.0, -0.0502 0.4637 0.0079, -0.0492 0.4724 0.0, -0.0492 0.4724 0.0079, -0.0492 0.748 0.0079, -0.0492 0.752 0.0, -0.2461 0.752 0.0787, -0.3445 0.752 0.0787, -0.2461 0.748 0.0787, -0.3445 0.748 0.0787, -0.3445 0.748 0.0079, -0.3445 0.752 0.0, -0.3445 0.6299 0.0079, -0.3445 0.6299 0.0, -0.3435 0.6212 0.0, -0.3435 0.6212 0.0079, -0.3406 0.6128 0.0, -0.3406 0.6128 0.0079, -0.3359 0.6054 0.0, -0.3359 0.6054 0.0079, -0.3297 0.5991 0.0, -0.3297 0.5991 0.0079, -0.3222 0.5945 0.0, -0.3222 0.5945 0.0079, -0.3139 0.5915 0.0, -0.3139 0.5915 0.0079, -0.3051 0.5906 0.0, -0.3051 0.5906 0.0079, -0.2854 0.5906 0.0, -0.2854 0.5906 0.0079, -0.2767 0.5915 0.0, -0.2767 0.5915 0.0079, -0.2684 0.5945 0.0, -0.2684 0.5945 0.0079, -0.2609 0.5991 0.0, -0.2609 0.5991 0.0079, -0.2547 0.6054 0.0, -0.2547 0.6054 0.0079, -0.25 0.6128 0.0, -0.25 0.6128 0.0079, -0.2471 0.6212 0.0, -0.2471 0.6212 0.0079, -0.2461 0.6299 0.0, -0.2461 0.6299 0.0079, -0.2461 0.748 0.0079, -0.2461 0.752 0.0, -0.5906 0.4232 0.0787, -0.5945 0.4232 0.0787, -0.5906 0.3248 0.0787, -0.5945 0.3248 0.0787, -0.5906 0.3248 0.0079, -0.5945 0.3248 0.0, -0.3937 0.3248 0.0079, -0.3937 0.3248 0.0, -0.3937 0.374 0.0079, -0.3937 0.374 0.0, -0.4429 0.4232 0.0079, -0.4429 0.4232 0.0, -0.5906 0.4232 0.0079, -0.5945 0.4232 0.0, -0.4429 0.748 0.0787, -0.4429 0.752 0.0787, -0.5413 0.748 0.0787, -0.5413 0.752 0.0787, -0.5413 0.748 0.0079, -0.5413 0.752 0.0, -0.5413 0.6299 0.0079, -0.5413 0.6299 0.0, -0.5404 0.6212 0.0, -0.5404 0.6212 0.0079, -0.5374 0.6128 0.0, -0.5374 0.6128 0.0079, -0.5327 0.6054 0.0, -0.5327 0.6054 0.0079, -0.5265 0.5991 0.0, -0.5265 0.5991 0.0079, -0.5191 0.5945 0.0, -0.5191 0.5945 0.0079, -0.5107 0.5915 0.0, -0.5107 0.5915 0.0079, -0.502 0.5906 0.0, -0.502 0.5906 0.0079, -0.4823 0.5906 0.0, -0.4823 0.5906 0.0079, -0.4735 0.5915 0.0, -0.4735 0.5915 0.0079, -0.4652 0.5945 0.0, -0.4652 0.5945 0.0079, -0.4577 0.5991 0.0, -0.4577 0.5991 0.0079, -0.4515 0.6054 0.0, -0.4515 0.6054 0.0079, -0.4468 0.6128 0.0, -0.4468 0.6128 0.0079, -0.4439 0.6212 0.0, -0.4439 0.6212 0.0079, -0.4429 0.6299 0.0, -0.4429 0.6299 0.0079, -0.4429 0.748 0.0079, -0.4429 0.752 0.0, -0.5906 0.1673 0.0787, -0.5945 0.1673 0.0787, -0.5906 0.0689 0.0787, -0.5945 0.0689 0.0787, -0.5906 0.0689 0.0079, -0.5945 0.0689 0.0, -0.315 0.0689 0.0079, -0.315 0.0689 0.0, -0.3062 0.0699 0.0, -0.3062 0.0699 0.0079, -0.2979 0.0728 0.0, -0.2979 0.0728 0.0079, -0.2904 0.0775 0.0, -0.2904 0.0775 0.0079, -0.2842 0.0837 0.0, -0.2842 0.0837 0.0079, -0.2795 0.0912 0.0, -0.2795 0.0912 0.0079, -0.2766 0.0995 0.0, -0.2766 0.0995 0.0079, -0.2756 0.1083 0.0, -0.2756 0.1083 0.0079, -0.2756 0.128 0.0, -0.2756 0.128 0.0079, -0.2766 0.1367 0.0, -0.2766 0.1367 0.0079, -0.2795 0.145 0.0, -0.2795 0.145 0.0079, -0.2842 0.1525 0.0, -0.2842 0.1525 0.0079, -0.2904 0.1587 0.0, -0.2904 0.1587 0.0079, -0.2979 0.1634 0.0, -0.2979 0.1634 0.0079, -0.3062 0.1663 0.0, -0.3062 0.1663 0.0079, -0.315 0.1673 0.0, -0.315 0.1673 0.0079, -0.5906 0.1673 0.0079, -0.5945 0.1673 0.0, -0.5906 -1.0138 0.0787, -0.5945 -1.0138 0.0787, -0.5906 -1.1122 0.0787, -0.5945 -1.1122 0.0787, -0.5906 -0.6791 0.0787, -0.5945 -0.6791 0.0787, -0.5906 -0.7776 0.0787, -0.5945 -0.7776 0.0787, -0.5906 -0.3445 0.0787, -0.5938 -0.3445 0.0787, -0.5906 -0.4429 0.0787, -0.5938 -0.4429 0.0787, -0.5906 -0.4429 0.0079, -0.5938 -0.4429 0.0, -0.5118 -0.4429 0.0079, -0.5118 -0.4429 0.0, -0.5118 -0.6791 0.0, -0.5118 -0.6791 0.0079, -0.5906 -0.6791 0.0079, -0.5945 -0.6791 0.0, -0.5906 -0.7776 0.0079, -0.5945 -0.7776 0.0, -0.5118 -0.7776 0.0079, -0.5118 -0.7776 0.0, -0.5118 -1.0138 0.0, -0.5118 -1.0138 0.0079, -0.5906 -1.0138 0.0079, -0.5945 -1.0138 0.0, -0.5906 -1.1122 0.0079, -0.5945 -1.1122 0.0, -0.315 -1.1122 0.0079, -0.315 -1.1122 0.0, -0.3062 -1.1112 0.0, -0.3062 -1.1112 0.0079, -0.2979 -1.1083 0.0, -0.2979 -1.1083 0.0079, -0.2904 -1.1036 0.0, -0.2904 -1.1036 0.0079, -0.2842 -1.0974 0.0, -0.2842 -1.0974 0.0079, -0.2795 -1.0899 0.0, -0.2795 -1.0899 0.0079, -0.2766 -1.0816 0.0, -0.2766 -1.0816 0.0079, -0.2756 -1.0728 0.0, -0.2756 -1.0728 0.0079, -0.2756 -0.3839 0.0, -0.2756 -0.3839 0.0079, -0.2766 -0.3751 0.0, -0.2766 -0.3751 0.0079, -0.2795 -0.3668 0.0, -0.2795 -0.3668 0.0079, -0.2842 -0.3593 0.0, -0.2842 -0.3593 0.0079, -0.2904 -0.3531 0.0, -0.2904 -0.3531 0.0079, -0.2979 -0.3484 0.0, -0.2979 -0.3484 0.0079, -0.3062 -0.3455 0.0, -0.3062 -0.3455 0.0079, -0.315 -0.3445 0.0, -0.315 -0.3445 0.0079, -0.5906 -0.3445 0.0079, -0.5938 -0.3445 0.0, -0.5906 -0.0886 0.0787, -0.5945 -0.0886 0.0787, -0.5906 -0.187 0.0787, -0.5945 -0.187 0.0787, -0.5906 -0.187 0.0079, -0.5945 -0.187 0.0, -0.315 -0.187 0.0079, -0.315 -0.187 0.0, -0.3062 -0.186 0.0, -0.3062 -0.186 0.0079, -0.2979 -0.1831 0.0, -0.2979 -0.1831 0.0079, -0.2904 -0.1784 0.0, -0.2904 -0.1784 0.0079, -0.2842 -0.1722 0.0, -0.2842 -0.1722 0.0079, -0.2795 -0.1647 0.0, -0.2795 -0.1647 0.0079, -0.2766 -0.1564 0.0, -0.2766 -0.1564 0.0079, -0.2756 -0.1476 0.0, -0.2756 -0.1476 0.0079, -0.2756 -0.128 0.0, -0.2756 -0.128 0.0079, -0.2766 -0.1192 0.0, -0.2766 -0.1192 0.0079, -0.2795 -0.1109 0.0, -0.2795 -0.1109 0.0079, -0.2842 -0.1034 0.0, -0.2842 -0.1034 0.0079, -0.2904 -0.0972 0.0, -0.2904 -0.0972 0.0079, -0.2979 -0.0925 0.0, -0.2979 -0.0925 0.0079, -0.3062 -0.0896 0.0, -0.3062 -0.0896 0.0079, -0.315 -0.0886 0.0, -0.315 -0.0886 0.0079, -0.5906 -0.0886 0.0079, -0.5945 -0.0886 0.0, 0.1476 0.752 0.0787, 0.0492 0.752 0.0787, 0.1476 0.748 0.0787, 0.0492 0.748 0.0787, 0.1476 0.4724 0.0079, 0.1476 0.4724 0.0, 0.1476 0.748 0.0079, 0.1476 0.752 0.0, 0.0492 0.748 0.0079, 0.0492 0.752 0.0, 0.0492 0.4724 0.0079, 0.0492 0.4724 0.0, 0.0502 0.4637 0.0, 0.0502 0.4637 0.0079, 0.0531 0.4554 0.0, 0.0531 0.4554 0.0079, 0.0578 0.4479 0.0, 0.0578 0.4479 0.0079, 0.064 0.4417 0.0, 0.064 0.4417 0.0079, 0.0715 0.437 0.0, 0.0715 0.437 0.0079, 0.0798 0.4341 0.0, 0.0798 0.4341 0.0079, 0.0886 0.4331 0.0, 0.0886 0.4331 0.0079, 0.1083 0.4331 0.0079, 0.1083 0.4331 0.0, 0.117 0.4341 0.0, 0.117 0.4341 0.0079, 0.1253 0.437 0.0, 0.1253 0.437 0.0079, 0.1328 0.4417 0.0, 0.1328 0.4417 0.0079, 0.139 0.4479 0.0, 0.139 0.4479 0.0079, 0.1437 0.4554 0.0, 0.1437 0.4554 0.0079, 0.1467 0.4637 0.0, 0.1467 0.4637 0.0079, 0.3445 0.752 0.0787, 0.2461 0.752 0.0787, 0.3445 0.748 0.0787, 0.2461 0.748 0.0787, 0.3445 0.6299 0.0079, 0.3445 0.6299 0.0, 0.3445 0.748 0.0079, 0.3445 0.752 0.0, 0.2461 0.748 0.0079, 0.2461 0.752 0.0, 0.2461 0.6299 0.0079, 0.2461 0.6299 0.0, 0.2471 0.6212 0.0, 0.2471 0.6212 0.0079, 0.25 0.6128 0.0, 0.25 0.6128 0.0079, 0.2547 0.6054 0.0, 0.2547 0.6054 0.0079, 0.2609 0.5991 0.0, 0.2609 0.5991 0.0079, 0.2684 0.5945 0.0, 0.2684 0.5945 0.0079, 0.2767 0.5915 0.0, 0.2767 0.5915 0.0079, 0.2854 0.5906 0.0, 0.2854 0.5906 0.0079, 0.3051 0.5906 0.0079, 0.3051 0.5906 0.0, 0.3139 0.5915 0.0, 0.3139 0.5915 0.0079, 0.3222 0.5945 0.0, 0.3222 0.5945 0.0079, 0.3297 0.5991 0.0, 0.3297 0.5991 0.0079, 0.3359 0.6054 0.0, 0.3359 0.6054 0.0079, 0.3406 0.6128 0.0, 0.3406 0.6128 0.0079, 0.3435 0.6212 0.0, 0.3435 0.6212 0.0079, 0.5906 0.3248 0.0787, 0.5945 0.3248 0.0787, 0.5906 0.4232 0.0787, 0.5945 0.4232 0.0787, 0.5906 0.4232 0.0079, 0.5945 0.4232 0.0, 0.4331 0.4232 0.0079, 0.4331 0.4232 0.0, 0.3937 0.3839 0.0, 0.3937 0.3642 0.0, 0.3937 0.3839 0.0079, 0.3937 0.3642 0.0079, 0.4331 0.3248 0.0079, 0.4331 0.3248 0.0, 0.5906 0.3248 0.0079, 0.5945 0.3248 0.0, 0.399 0.3445 0.0, 0.395 0.354 0.0, 0.4052 0.3363 0.0, 0.4134 0.3301 0.0, 0.4229 0.3261 0.0, 0.399 0.4035 0.0, 0.4052 0.4117 0.0, 0.4134 0.418 0.0, 0.395 0.394 0.0, 0.4229 0.4219 0.0, 0.4429 0.6299 0.0079, 0.4429 0.6299 0.0, 0.4439 0.6212 0.0, 0.4439 0.6212 0.0079, 0.4468 0.6128 0.0, 0.4468 0.6128 0.0079, 0.4515 0.6054 0.0, 0.4515 0.6054 0.0079, 0.4577 0.5991 0.0, 0.4577 0.5991 0.0079, 0.4652 0.5945 0.0, 0.4652 0.5945 0.0079, 0.4735 0.5915 0.0, 0.4735 0.5915 0.0079, 0.4823 0.5906 0.0, 0.4823 0.5906 0.0079, 0.502 0.5906 0.0079, 0.502 0.5906 0.0, 0.5107 0.5915 0.0, 0.5107 0.5915 0.0079, 0.5191 0.5945 0.0, 0.5191 0.5945 0.0079, 0.5265 0.5991 0.0, 0.5265 0.5991 0.0079, 0.5327 0.6054 0.0, 0.5327 0.6054 0.0079, 0.5374 0.6128 0.0, 0.5374 0.6128 0.0079, 0.5404 0.6212 0.0, 0.5404 0.6212 0.0079, 0.5413 0.6299 0.0, 0.5413 0.6299 0.0079, 0.4429 0.748 0.0787, 0.4429 0.752 0.0787, 0.4429 0.748 0.0079, 0.4429 0.752 0.0, 0.5413 0.748 0.0079, 0.5413 0.752 0.0, 0.5413 0.748 0.0787, 0.5413 0.752 0.0787, 0.315 0.1673 0.0079, 0.315 0.1673 0.0, 0.3062 0.1663 0.0, 0.3062 0.1663 0.0079, 0.2979 0.1634 0.0, 0.2979 0.1634 0.0079, 0.2904 0.1587 0.0, 0.2904 0.1587 0.0079, 0.2842 0.1525 0.0, 0.2842 0.1525 0.0079, 0.2795 0.145 0.0, 0.2795 0.145 0.0079, 0.2766 0.1367 0.0, 0.2766 0.1367 0.0079, 0.2756 0.128 0.0, 0.2756 0.128 0.0079, 0.2756 0.1083 0.0079, 0.2756 0.1083 0.0, 0.2766 0.0995 0.0, 0.2766 0.0995 0.0079, 0.2795 0.0912 0.0, 0.2795 0.0912 0.0079, 0.2842 0.0837 0.0, 0.2842 0.0837 0.0079, 0.2904 0.0775 0.0, 0.2904 0.0775 0.0079, 0.2979 0.0728 0.0, 0.2979 0.0728 0.0079, 0.3062 0.0699 0.0, 0.3062 0.0699 0.0079, 0.315 0.0689 0.0, 0.315 0.0689 0.0079, 0.5906 0.1673 0.0787, 0.5945 0.1673 0.0787, 0.5906 0.1673 0.0079, 0.5945 0.1673 0.0, 0.5906 0.0689 0.0079, 0.5945 0.0689 0.0, 0.5906 0.0689 0.0787, 0.5945 0.0689 0.0787, 0.315 -0.3445 0.0079, 0.315 -0.3445 0.0, 0.3062 -0.3455 0.0, 0.3062 -0.3455 0.0079, 0.2979 -0.3484 0.0, 0.2979 -0.3484 0.0079, 0.2904 -0.3531 0.0, 0.2904 -0.3531 0.0079, 0.2842 -0.3593 0.0, 0.2842 -0.3593 0.0079, 0.2795 -0.3668 0.0, 0.2795 -0.3668 0.0079, 0.2766 -0.3751 0.0, 0.2766 -0.3751 0.0079, 0.2756 -0.3839 0.0, 0.2756 -0.3839 0.0079, 0.2756 -1.0728 0.0079, 0.2756 -1.0728 0.0, 0.2766 -1.0816 0.0, 0.2766 -1.0816 0.0079, 0.2795 -1.0899 0.0, 0.2795 -1.0899 0.0079, 0.2842 -1.0974 0.0, 0.2842 -1.0974 0.0079, 0.2904 -1.1036 0.0, 0.2904 -1.1036 0.0079, 0.2979 -1.1083 0.0, 0.2979 -1.1083 0.0079, 0.3062 -1.1112 0.0, 0.3062 -1.1112 0.0079, 0.315 -1.1122 0.0, 0.315 -1.1122 0.0079, 0.5118 -1.0138 0.0079, 0.5118 -1.0138 0.0, 0.5118 -0.7776 0.0079, 0.5118 -0.7776 0.0, 0.5118 -0.6791 0.0079, 0.5118 -0.6791 0.0, 0.5118 -0.4429 0.0079, 0.5118 -0.4429 0.0, 0.5906 -0.3445 0.0787, 0.5938 -0.3445 0.0787, 0.5906 -0.3445 0.0079, 0.5938 -0.3445 0.0, 0.5906 -1.1122 0.0079, 0.5945 -1.1122 0.0, 0.5906 -1.1122 0.0787, 0.5945 -1.1122 0.0787, 0.5906 -1.0138 0.0787, 0.5945 -1.0138 0.0787, 0.5906 -1.0138 0.0079, 0.5945 -1.0138 0.0, 0.5906 -0.7776 0.0079, 0.5945 -0.7776 0.0, 0.5906 -0.7776 0.0787, 0.5945 -0.7776 0.0787, 0.5906 -0.6791 0.0787, 0.5945 -0.6791 0.0787, 0.5906 -0.6791 0.0079, 0.5945 -0.6791 0.0, 0.5906 -0.4429 0.0079, 0.5938 -0.4429 0.0, 0.5906 -0.4429 0.0787, 0.5938 -0.4429 0.0787, 0.315 -0.0886 0.0079, 0.315 -0.0886 0.0, 0.3062 -0.0896 0.0, 0.3062 -0.0896 0.0079, 0.2979 -0.0925 0.0, 0.2979 -0.0925 0.0079, 0.2904 -0.0972 0.0, 0.2904 -0.0972 0.0079, 0.2842 -0.1034 0.0, 0.2842 -0.1034 0.0079, 0.2795 -0.1109 0.0, 0.2795 -0.1109 0.0079, 0.2766 -0.1192 0.0, 0.2766 -0.1192 0.0079, 0.2756 -0.128 0.0, 0.2756 -0.128 0.0079, 0.2756 -0.1476 0.0079, 0.2756 -0.1476 0.0, 0.2766 -0.1564 0.0, 0.2766 -0.1564 0.0079, 0.2795 -0.1647 0.0, 0.2795 -0.1647 0.0079, 0.2842 -0.1722 0.0, 0.2842 -0.1722 0.0079, 0.2904 -0.1784 0.0, 0.2904 -0.1784 0.0079, 0.2979 -0.1831 0.0, 0.2979 -0.1831 0.0079, 0.3062 -0.186 0.0, 0.3062 -0.186 0.0079, 0.315 -0.187 0.0, 0.315 -0.187 0.0079, 0.5906 -0.187 0.0079, 0.5945 -0.187 0.0, 0.5906 -0.187 0.0787, 0.5945 -0.187 0.0787, 0.5906 -0.0886 0.0787, 0.5945 -0.0886 0.0787, 0.5906 -0.0886 0.0079, 0.5945 -0.0886 0.0, 0.4229 0.4219 0.0079, 0.4134 0.418 0.0079, 0.4052 0.4117 0.0079, 0.399 0.4035 0.0079, 0.395 0.394 0.0079, 0.395 0.354 0.0079, 0.399 0.3445 0.0079, 0.4052 0.3363 0.0079, 0.4134 0.3301 0.0079, 0.4229 0.3261 0.0079
            ]
        }
        coordIndex [
            0,1,2,-1,2,1,3,-1,3,1,4,-1,4,1,5,-1,4,5,6,-1,6,5,7,-1,6,7,8,-1,6,8,9,-1,9,8,10,-1,9,10,11,-1,11,10,12,-1,11,12,13,-1,13,12,14,-1,13,14,15,-1,15,14,16,-1,15,16,17,-1,17,16,18,-1,17,18,19,-1,19,18,20,-1,19,20,21,-1,20,22,21,-1,21,22,23,-1,23,22,24,-1,23,24,25,-1,25,24,26,-1,25,26,27,-1,27,26,28,-1,27,28,29,-1,29,28,30,-1,29,30,31,-1,31,30,32,-1,31,32,33,-1,33,32,34,-1,33,34,35,-1,35,34,36,-1,35,36,37,-1,37,36,38,-1,38,36,39,-1,38,39,2,-1,2,39,0,-1,5,1,39,-1,39,1,0,-1,24,22,36,-1,34,32,30,-1,24,36,26,-1,34,30,36,-1,36,30,28,-1,36,28,26,-1,14,12,10,-1,18,7,20,-1,20,7,5,-1,20,5,22,-1,22,5,39,-1,22,39,36,-1,18,16,7,-1,7,16,14,-1,7,14,8,-1,8,14,10,-1,40,41,42,-1,42,41,43,-1,43,41,44,-1,44,41,45,-1,44,45,46,-1,46,45,47,-1,46,47,48,-1,46,48,49,-1,49,48,50,-1,49,50,51,-1,51,50,52,-1,51,52,53,-1,53,52,54,-1,53,54,55,-1,55,54,56,-1,55,56,57,-1,57,56,58,-1,57,58,59,-1,59,58,60,-1,59,60,61,-1,60,62,61,-1,61,62,63,-1,63,62,64,-1,63,64,65,-1,65,64,66,-1,65,66,67,-1,67,66,68,-1,67,68,69,-1,69,68,70,-1,69,70,71,-1,71,70,72,-1,71,72,73,-1,73,72,74,-1,73,74,75,-1,75,74,76,-1,75,76,77,-1,77,76,78,-1,78,76,79,-1,78,79,42,-1,42,79,40,-1,45,41,79,-1,79,41,40,-1,47,45,60,-1,79,76,45,-1,45,76,74,-1,45,68,66,-1,66,64,45,-1,45,64,62,-1,45,62,60,-1,74,72,45,-1,45,72,70,-1,45,70,68,-1,60,58,47,-1,47,58,56,-1,47,56,48,-1,48,56,54,-1,48,54,50,-1,50,54,52,-1,80,81,82,-1,82,81,83,-1,82,83,84,-1,84,83,85,-1,84,85,86,-1,86,85,87,-1,86,87,88,-1,88,87,89,-1,90,91,92,-1,92,91,93,-1,92,93,80,-1,80,93,81,-1,85,83,93,-1,93,83,81,-1,93,91,85,-1,85,91,89,-1,85,89,87,-1,94,95,96,-1,96,95,97,-1,96,97,98,-1,98,97,99,-1,98,99,100,-1,100,99,101,-1,100,101,102,-1,100,102,103,-1,103,102,104,-1,103,104,105,-1,105,104,106,-1,105,106,107,-1,107,106,108,-1,107,108,109,-1,109,108,110,-1,109,110,111,-1,111,110,112,-1,111,112,113,-1,113,112,114,-1,113,114,115,-1,114,116,115,-1,115,116,117,-1,117,116,118,-1,117,118,119,-1,119,118,120,-1,119,120,121,-1,121,120,122,-1,121,122,123,-1,123,122,124,-1,123,124,125,-1,125,124,126,-1,125,126,127,-1,127,126,128,-1,127,128,129,-1,129,128,130,-1,129,130,131,-1,131,130,132,-1,132,130,133,-1,132,133,94,-1,94,133,95,-1,99,97,133,-1,133,97,95,-1,133,130,99,-1,99,130,128,-1,99,128,126,-1,110,108,101,-1,99,120,118,-1,126,124,99,-1,99,124,122,-1,99,122,120,-1,118,116,99,-1,99,116,114,-1,99,114,101,-1,101,114,112,-1,101,112,110,-1,106,104,108,-1,108,104,102,-1,108,102,101,-1,134,135,136,-1,136,135,137,-1,136,137,138,-1,138,137,139,-1,138,139,140,-1,140,139,141,-1,140,141,142,-1,140,142,143,-1,143,142,144,-1,143,144,145,-1,145,144,146,-1,145,146,147,-1,147,146,148,-1,147,148,149,-1,149,148,150,-1,149,150,151,-1,151,150,152,-1,151,152,153,-1,153,152,154,-1,153,154,155,-1,154,156,155,-1,155,156,157,-1,157,156,158,-1,157,158,159,-1,159,158,160,-1,159,160,161,-1,161,160,162,-1,161,162,163,-1,163,162,164,-1,163,164,165,-1,165,164,166,-1,165,166,167,-1,167,166,168,-1,167,168,169,-1,169,168,170,-1,169,170,171,-1,171,170,172,-1,172,170,173,-1,172,173,134,-1,134,173,135,-1,139,137,173,-1,173,137,135,-1,166,164,156,-1,156,154,141,-1,139,173,141,-1,141,173,170,-1,141,170,156,-1,156,170,168,-1,156,168,166,-1,164,162,156,-1,156,162,160,-1,156,160,158,-1,146,144,148,-1,148,144,150,-1,154,152,141,-1,141,152,150,-1,141,150,142,-1,142,150,144,-1,174,175,176,-1,176,175,177,-1,178,179,180,-1,180,179,181,-1,182,183,184,-1,184,183,185,-1,184,185,186,-1,186,185,187,-1,186,187,188,-1,188,187,189,-1,189,190,188,-1,188,190,191,-1,191,190,192,-1,192,190,193,-1,192,193,178,-1,178,193,179,-1,180,181,194,-1,194,181,195,-1,194,195,196,-1,196,195,197,-1,197,198,196,-1,196,198,199,-1,199,198,200,-1,200,198,201,-1,200,201,174,-1,174,201,175,-1,176,177,202,-1,202,177,203,-1,202,203,204,-1,204,203,205,-1,204,205,206,-1,204,206,207,-1,207,206,208,-1,207,208,209,-1,209,208,210,-1,209,210,211,-1,211,210,212,-1,211,212,213,-1,213,212,214,-1,213,214,215,-1,215,214,216,-1,215,216,217,-1,217,216,218,-1,217,218,219,-1,218,220,219,-1,219,220,221,-1,221,220,222,-1,221,222,223,-1,223,222,224,-1,223,224,225,-1,225,224,226,-1,225,226,227,-1,227,226,228,-1,227,228,229,-1,229,228,230,-1,229,230,231,-1,231,230,232,-1,231,232,233,-1,233,232,234,-1,233,234,235,-1,235,234,236,-1,236,234,237,-1,236,237,182,-1,182,237,183,-1,187,185,237,-1,237,185,183,-1,195,181,193,-1,193,181,179,-1,203,177,201,-1,201,177,175,-1,189,187,237,-1,203,201,205,-1,205,201,198,-1,195,193,197,-1,197,193,190,-1,220,218,198,-1,198,218,216,-1,216,214,198,-1,198,214,212,-1,198,212,210,-1,210,208,198,-1,198,208,206,-1,198,206,205,-1,198,197,220,-1,220,197,190,-1,220,190,222,-1,222,190,189,-1,222,189,224,-1,237,234,189,-1,189,234,232,-1,189,232,230,-1,230,228,189,-1,189,228,226,-1,189,226,224,-1,238,239,240,-1,240,239,241,-1,240,241,242,-1,242,241,243,-1,242,243,244,-1,244,243,245,-1,244,245,246,-1,244,246,247,-1,247,246,248,-1,247,248,249,-1,249,248,250,-1,249,250,251,-1,251,250,252,-1,251,252,253,-1,253,252,254,-1,253,254,255,-1,255,254,256,-1,255,256,257,-1,257,256,258,-1,257,258,259,-1,258,260,259,-1,259,260,261,-1,261,260,262,-1,261,262,263,-1,263,262,264,-1,263,264,265,-1,265,264,266,-1,265,266,267,-1,267,266,268,-1,267,268,269,-1,269,268,270,-1,269,270,271,-1,271,270,272,-1,271,272,273,-1,273,272,274,-1,273,274,275,-1,275,274,276,-1,276,274,277,-1,276,277,238,-1,238,277,239,-1,243,241,277,-1,277,241,239,-1,245,243,277,-1,260,258,274,-1,252,250,248,-1,256,245,258,-1,258,245,277,-1,258,277,274,-1,256,254,245,-1,245,254,252,-1,245,252,246,-1,246,252,248,-1,272,264,274,-1,274,264,262,-1,274,262,260,-1,272,270,264,-1,264,270,268,-1,264,268,266,-1,278,279,280,-1,280,279,281,-1,282,283,284,-1,284,283,285,-1,284,285,280,-1,280,285,278,-1,281,279,286,-1,286,279,287,-1,286,287,288,-1,288,287,289,-1,288,289,290,-1,288,290,291,-1,291,290,292,-1,291,292,293,-1,293,292,294,-1,293,294,295,-1,295,294,296,-1,295,296,297,-1,297,296,298,-1,297,298,299,-1,299,298,300,-1,299,300,301,-1,301,300,302,-1,301,302,303,-1,303,302,304,-1,304,302,305,-1,304,305,306,-1,304,306,307,-1,307,306,308,-1,307,308,309,-1,309,308,310,-1,309,310,311,-1,311,310,312,-1,311,312,313,-1,313,312,314,-1,313,314,315,-1,315,314,316,-1,315,316,317,-1,317,316,283,-1,317,283,282,-1,287,279,285,-1,285,279,278,-1,289,287,285,-1,283,305,285,-1,285,305,302,-1,285,302,289,-1,289,302,300,-1,300,298,289,-1,289,298,296,-1,289,296,290,-1,290,296,294,-1,290,294,292,-1,283,316,305,-1,305,316,314,-1,305,314,312,-1,312,310,305,-1,305,310,308,-1,305,308,306,-1,318,319,320,-1,320,319,321,-1,322,323,324,-1,324,323,325,-1,324,325,320,-1,320,325,318,-1,321,319,326,-1,326,319,327,-1,326,327,328,-1,328,327,329,-1,328,329,330,-1,328,330,331,-1,331,330,332,-1,331,332,333,-1,333,332,334,-1,333,334,335,-1,335,334,336,-1,335,336,337,-1,337,336,338,-1,337,338,339,-1,339,338,340,-1,339,340,341,-1,341,340,342,-1,341,342,343,-1,343,342,344,-1,344,342,345,-1,344,345,346,-1,344,346,347,-1,347,346,348,-1,347,348,349,-1,349,348,350,-1,349,350,351,-1,351,350,352,-1,351,352,353,-1,353,352,354,-1,353,354,355,-1,355,354,356,-1,355,356,357,-1,357,356,323,-1,357,323,322,-1,327,319,325,-1,325,319,318,-1,329,327,325,-1,345,342,325,-1,329,325,330,-1,325,323,345,-1,345,323,356,-1,345,356,346,-1,352,350,348,-1,342,340,325,-1,325,340,338,-1,325,338,336,-1,336,334,325,-1,325,334,332,-1,325,332,330,-1,346,356,348,-1,348,356,354,-1,348,354,352,-1,358,359,360,-1,360,359,361,-1,360,361,362,-1,362,361,363,-1,362,363,364,-1,364,363,365,-1,366,367,368,-1,368,367,369,-1,370,371,372,-1,372,371,373,-1,372,373,358,-1,358,373,359,-1,363,361,373,-1,373,361,359,-1,374,375,376,-1,376,375,367,-1,376,367,377,-1,367,366,365,-1,363,373,365,-1,365,373,371,-1,365,371,367,-1,367,371,378,-1,367,378,377,-1,379,380,381,-1,366,382,365,-1,365,382,379,-1,365,379,383,-1,383,379,381,-1,384,385,386,-1,384,386,387,-1,387,386,388,-1,387,388,389,-1,389,388,390,-1,389,390,391,-1,391,390,392,-1,391,392,393,-1,393,392,394,-1,393,394,395,-1,395,394,396,-1,395,396,397,-1,397,396,398,-1,397,398,399,-1,399,398,400,-1,400,398,401,-1,400,401,402,-1,400,402,403,-1,403,402,404,-1,403,404,405,-1,405,404,406,-1,405,406,407,-1,407,406,408,-1,407,408,409,-1,409,408,410,-1,409,410,411,-1,411,410,412,-1,411,412,413,-1,413,412,414,-1,413,414,415,-1,416,417,418,-1,418,417,419,-1,418,419,384,-1,384,419,385,-1,415,414,420,-1,420,414,421,-1,420,421,422,-1,422,421,423,-1,422,423,416,-1,416,423,417,-1,419,417,421,-1,421,417,423,-1,404,402,419,-1,419,402,401,-1,419,401,398,-1,421,414,419,-1,419,414,412,-1,419,412,410,-1,388,386,398,-1,398,386,385,-1,398,385,419,-1,410,408,419,-1,419,408,406,-1,419,406,404,-1,398,396,388,-1,388,396,394,-1,388,394,390,-1,390,394,392,-1,424,425,426,-1,424,426,427,-1,427,426,428,-1,427,428,429,-1,429,428,430,-1,429,430,431,-1,431,430,432,-1,431,432,433,-1,433,432,434,-1,433,434,435,-1,435,434,436,-1,435,436,437,-1,437,436,438,-1,437,438,439,-1,439,438,440,-1,440,438,441,-1,440,441,442,-1,440,442,443,-1,443,442,444,-1,443,444,445,-1,445,444,446,-1,445,446,447,-1,447,446,448,-1,447,448,449,-1,449,448,450,-1,449,450,451,-1,451,450,452,-1,451,452,453,-1,453,452,454,-1,453,454,455,-1,456,457,458,-1,458,457,459,-1,458,459,424,-1,424,459,425,-1,455,454,460,-1,460,454,461,-1,460,461,462,-1,462,461,463,-1,462,463,456,-1,456,463,457,-1,459,457,461,-1,461,457,463,-1,459,461,425,-1,425,461,454,-1,442,441,452,-1,452,441,454,-1,454,441,425,-1,425,441,438,-1,425,438,426,-1,434,432,430,-1,448,446,444,-1,434,430,436,-1,436,430,438,-1,438,430,428,-1,438,428,426,-1,442,452,444,-1,444,452,450,-1,444,450,448,-1,464,465,466,-1,464,466,467,-1,467,466,468,-1,467,468,469,-1,469,468,470,-1,469,470,471,-1,471,470,472,-1,471,472,473,-1,473,472,474,-1,473,474,475,-1,475,474,476,-1,475,476,477,-1,477,476,478,-1,477,478,479,-1,479,478,480,-1,480,478,481,-1,480,481,482,-1,480,482,483,-1,483,482,484,-1,483,484,485,-1,485,484,486,-1,485,486,487,-1,487,486,488,-1,487,488,489,-1,489,488,490,-1,489,490,491,-1,491,490,492,-1,491,492,493,-1,493,492,494,-1,493,494,495,-1,496,497,498,-1,498,497,499,-1,500,501,502,-1,502,501,503,-1,504,505,506,-1,506,505,507,-1,506,507,464,-1,464,507,465,-1,495,494,508,-1,508,494,509,-1,508,509,510,-1,510,509,511,-1,512,513,514,-1,514,513,515,-1,514,515,496,-1,496,515,497,-1,498,499,516,-1,516,499,517,-1,516,517,518,-1,518,517,519,-1,520,521,522,-1,522,521,523,-1,522,523,500,-1,500,523,501,-1,502,503,524,-1,524,503,525,-1,524,525,526,-1,526,525,527,-1,526,527,504,-1,504,527,505,-1,518,519,520,-1,520,519,521,-1,510,511,512,-1,512,511,513,-1,507,505,525,-1,525,505,527,-1,515,513,509,-1,509,513,511,-1,523,521,517,-1,517,521,519,-1,501,523,517,-1,507,525,465,-1,465,525,503,-1,482,481,499,-1,517,499,501,-1,501,499,481,-1,501,481,503,-1,503,481,478,-1,503,478,476,-1,490,488,499,-1,476,474,503,-1,503,474,472,-1,503,472,470,-1,515,509,497,-1,497,509,494,-1,497,494,499,-1,499,494,492,-1,499,492,490,-1,470,468,503,-1,503,468,466,-1,503,466,465,-1,488,486,499,-1,499,486,484,-1,499,484,482,-1,528,529,530,-1,528,530,531,-1,531,530,532,-1,531,532,533,-1,533,532,534,-1,533,534,535,-1,535,534,536,-1,535,536,537,-1,537,536,538,-1,537,538,539,-1,539,538,540,-1,539,540,541,-1,541,540,542,-1,541,542,543,-1,543,542,544,-1,544,542,545,-1,544,545,546,-1,544,546,547,-1,547,546,548,-1,547,548,549,-1,549,548,550,-1,549,550,551,-1,551,550,552,-1,551,552,553,-1,553,552,554,-1,553,554,555,-1,555,554,556,-1,555,556,557,-1,557,556,558,-1,557,558,559,-1,559,558,560,-1,560,558,561,-1,560,561,562,-1,562,561,563,-1,564,565,566,-1,566,565,567,-1,566,567,528,-1,528,567,529,-1,562,563,564,-1,564,563,565,-1,567,565,561,-1,561,565,563,-1,567,561,545,-1,545,561,558,-1,540,538,529,-1,556,548,558,-1,558,548,546,-1,558,546,545,-1,556,554,548,-1,548,554,552,-1,548,552,550,-1,567,545,529,-1,529,545,542,-1,529,542,540,-1,538,536,534,-1,534,532,538,-1,538,532,530,-1,538,530,529,-1,90,88,91,-1,91,88,89,-1,364,365,383,-1,364,383,568,-1,568,383,381,-1,568,381,569,-1,569,381,380,-1,569,380,570,-1,570,380,379,-1,570,379,571,-1,571,379,382,-1,571,382,572,-1,572,382,366,-1,572,366,368,-1,369,367,375,-1,369,375,573,-1,573,375,374,-1,573,374,574,-1,574,374,376,-1,574,376,575,-1,575,376,377,-1,575,377,576,-1,576,377,378,-1,576,378,577,-1,577,378,371,-1,577,371,370,-1,
        ]
    }
}
Shape{
    appearance Appearance {
        material  Material 	{
            diffuseColor 1.0 1.0 1.0
            specularColor 0.5019607843137255 0.5019607843137255 0.5019607843137255
            ambientIntensity 1.0
            transparency 0.0
            shininess 0.5
        }
    }
    geometry IndexedFaceSet {
        ccw TRUE
        solid FALSE
        coord DEF co Coordinate {
            point [
                0.0421 -1.2244 0.1927, 0.0421 -1.2244 0.1885, 0.0421 -1.2205 0.1927, 0.0421 -1.2205 0.1885, 0.0274 -1.2244 0.1927, 0.0274 -1.2205 0.1927, 0.0274 -1.2244 0.2256, 0.0274 -1.2205 0.2256, 0.0226 -1.2244 0.2256, 0.0226 -1.2205 0.2256, 0.0226 -1.2244 0.1885, 0.0226 -1.2205 0.1885, 0.0611 -1.2244 0.1879, 0.0611 -1.2205 0.1879, 0.0668 -1.2244 0.1884, 0.0644 -1.2205 0.1882, 0.0668 -1.2205 0.1884, 0.0708 -1.2205 0.1897, 0.0708 -1.2244 0.1897, 0.0714 -1.2205 0.19, 0.0714 -1.2244 0.19, 0.0714 -1.2244 0.1946, 0.0714 -1.2205 0.1946, 0.0677 -1.2205 0.193, 0.0677 -1.2244 0.193, 0.0635 -1.2205 0.1922, 0.0635 -1.2244 0.1922, 0.0618 -1.2205 0.1921, 0.0618 -1.2244 0.1921, 0.0585 -1.2205 0.1925, 0.0585 -1.2244 0.1925, 0.0558 -1.2205 0.1934, 0.0558 -1.2244 0.1934, 0.0533 -1.2205 0.1951, 0.0533 -1.2244 0.1951, 0.0523 -1.2205 0.196, 0.0523 -1.2244 0.196, 0.0506 -1.2205 0.1984, 0.0506 -1.2244 0.1984, 0.0493 -1.2205 0.2014, 0.0493 -1.2244 0.2014, 0.0487 -1.2205 0.205, 0.0487 -1.2244 0.205, 0.0487 -1.2205 0.2066, 0.0487 -1.2244 0.2066, 0.0493 -1.2205 0.2117, 0.0493 -1.2244 0.2117, 0.0505 -1.2205 0.2149, 0.0505 -1.2244 0.2149, 0.0523 -1.2205 0.2175, 0.0523 -1.2244 0.2175, 0.0526 -1.2205 0.2177, 0.0526 -1.2244 0.2177, 0.0549 -1.2205 0.2197, 0.0549 -1.2244 0.2197, 0.0578 -1.2205 0.2211, 0.0578 -1.2244 0.2211, 0.061 -1.2205 0.2218, 0.061 -1.2244 0.2218, 0.0627 -1.2205 0.2219, 0.0627 -1.2244 0.2219, 0.0672 -1.2205 0.2213, 0.0672 -1.2244 0.2213, 0.071 -1.2205 0.2199, 0.071 -1.2244 0.2199, 0.0714 -1.2205 0.2197, 0.0714 -1.2244 0.2197, 0.0714 -1.2244 0.2247, 0.0714 -1.2205 0.2247, 0.0626 -1.2205 0.2262, 0.0626 -1.2244 0.2262, 0.0666 -1.2205 0.2259, 0.0675 -1.2244 0.2258, 0.0675 -1.2205 0.2258, 0.06 -1.2205 0.2259, 0.0573 -1.2244 0.2255, 0.0573 -1.2205 0.2255, 0.0534 -1.2205 0.224, 0.0534 -1.2244 0.224, 0.0499 -1.2205 0.2216, 0.0499 -1.2244 0.2216, 0.049 -1.2205 0.2207, 0.049 -1.2244 0.2207, 0.0463 -1.2205 0.2172, 0.0463 -1.2244 0.2172, 0.0453 -1.2205 0.2149, 0.0445 -1.2244 0.2131, 0.0445 -1.2205 0.2131, 0.0437 -1.2205 0.2083, 0.0437 -1.2244 0.2083, 0.0436 -1.2205 0.2063, 0.0436 -1.2244 0.2063, 0.0444 -1.2205 0.2003, 0.0444 -1.2244 0.2003, 0.0453 -1.2205 0.1979, 0.0459 -1.2244 0.1964, 0.0459 -1.2205 0.1964, 0.0481 -1.2205 0.1933, 0.0481 -1.2244 0.1933, 0.0484 -1.2205 0.1929, 0.0484 -1.2244 0.1929, 0.0583 -1.2244 0.188, 0.0509 -1.2205 0.1907, 0.0509 -1.2244 0.1907, 0.0544 -1.2205 0.189, 0.0544 -1.2244 0.189, 0.0577 -1.2205 0.1882, 0.0583 -1.2205 0.188, 0.0988 -1.2244 0.1927, 0.0988 -1.2244 0.1885, 0.0988 -1.2205 0.1927, 0.0988 -1.2205 0.1885, 0.0836 -1.2205 0.1927, 0.0836 -1.2244 0.1927, 0.0936 -1.2205 0.1927, 0.0836 -1.2244 0.2052, 0.0836 -1.2205 0.2052, 0.0969 -1.2244 0.2052, 0.0936 -1.2205 0.2052, 0.0969 -1.2205 0.2052, 0.0969 -1.2244 0.2094, 0.0969 -1.2205 0.2094, 0.0836 -1.2205 0.2094, 0.0836 -1.2244 0.2094, 0.0936 -1.2205 0.2094, 0.0836 -1.2244 0.2213, 0.0836 -1.2205 0.2213, 0.0979 -1.2244 0.2213, 0.0936 -1.2205 0.2213, 0.0979 -1.2205 0.2213, 0.0979 -1.2244 0.2256, 0.0979 -1.2205 0.2256, 0.0788 -1.2205 0.2256, 0.0788 -1.2244 0.2256, 0.0936 -1.2205 0.2256, 0.0788 -1.2244 0.1885, 0.0788 -1.2205 0.1885, 0.0936 -1.2205 0.1885, 0.1288 -1.2244 0.1988, 0.1269 -1.2244 0.1966, 0.1303 -1.2244 0.1937, 0.1265 -1.2244 0.1962, 0.1265 -1.2244 0.1909, 0.1241 -1.2244 0.1945, 0.1222 -1.2244 0.1892, 0.121 -1.2244 0.1933, 0.1159 -1.2244 0.1885, 0.1159 -1.2244 0.1927, 0.1058 -1.2244 0.1885, 0.1105 -1.2244 0.1927, 0.1058 -1.2244 0.2256, 0.1105 -1.2244 0.2213, 0.1163 -1.2244 0.2256, 0.1161 -1.2244 0.2213, 0.122 -1.2244 0.2249, 0.1212 -1.2244 0.2207, 0.1265 -1.2244 0.2233, 0.1243 -1.2244 0.2195, 0.1303 -1.2244 0.2206, 0.1268 -1.2244 0.2178, 0.1317 -1.2244 0.2194, 0.1279 -1.2244 0.2168, 0.134 -1.2244 0.2161, 0.1293 -1.2244 0.2147, 0.1353 -1.2244 0.2126, 0.1304 -1.2244 0.212, 0.1359 -1.2244 0.2075, 0.1309 -1.2244 0.2074, 0.1358 -1.2244 0.2051, 0.1308 -1.2244 0.2049, 0.1349 -1.2244 0.2008, 0.13 -1.2244 0.2016, 0.1331 -1.2244 0.197, 0.1159 -1.2205 0.1885, 0.1058 -1.2205 0.1885, 0.1303 -1.2205 0.1937, 0.1222 -1.2205 0.1892, 0.1227 -1.2205 0.1894, 0.1265 -1.2205 0.1909, 0.1331 -1.2205 0.197, 0.1349 -1.2205 0.2008, 0.1358 -1.2205 0.2051, 0.1359 -1.2205 0.2075, 0.1353 -1.2205 0.2126, 0.134 -1.2205 0.2161, 0.1317 -1.2205 0.2194, 0.1303 -1.2205 0.2206, 0.1163 -1.2205 0.2256, 0.1265 -1.2205 0.2233, 0.1227 -1.2205 0.2247, 0.122 -1.2205 0.2249, 0.1058 -1.2205 0.2256, 0.1161 -1.2205 0.2213, 0.1105 -1.2205 0.2213, 0.1105 -1.2205 0.1927, 0.1159 -1.2205 0.1927, 0.1269 -1.2205 0.1966, 0.1265 -1.2205 0.1962, 0.1241 -1.2205 0.1945, 0.121 -1.2205 0.1933, 0.1309 -1.2205 0.2074, 0.1308 -1.2205 0.2049, 0.13 -1.2205 0.2016, 0.1288 -1.2205 0.1988, 0.1268 -1.2205 0.2178, 0.1279 -1.2205 0.2168, 0.1293 -1.2205 0.2147, 0.1304 -1.2205 0.212, 0.1212 -1.2205 0.2207, 0.1243 -1.2205 0.2195
            ]
        }
        coordIndex [
            0,1,2,-1,2,1,3,-1,4,0,5,-1,5,0,2,-1,6,4,7,-1,7,4,5,-1,8,6,9,-1,9,6,7,-1,10,8,11,-1,11,8,9,-1,1,10,3,-1,3,10,11,-1,6,8,4,-1,4,8,10,-1,4,10,0,-1,0,10,1,-1,12,13,14,-1,14,13,15,-1,15,16,14,-1,14,16,17,-1,14,17,18,-1,18,17,19,-1,18,19,20,-1,21,20,22,-1,22,20,19,-1,21,22,23,-1,21,23,24,-1,24,23,25,-1,24,25,26,-1,26,25,27,-1,26,27,28,-1,28,27,29,-1,28,29,30,-1,30,29,31,-1,30,31,32,-1,32,31,33,-1,32,33,34,-1,34,33,35,-1,34,35,36,-1,36,35,37,-1,36,37,38,-1,38,37,39,-1,38,39,40,-1,40,39,41,-1,40,41,42,-1,42,41,43,-1,42,43,44,-1,44,43,45,-1,44,45,46,-1,46,45,47,-1,46,47,48,-1,48,47,49,-1,48,49,50,-1,50,49,51,-1,50,51,52,-1,52,51,53,-1,52,53,54,-1,54,53,55,-1,54,55,56,-1,56,55,57,-1,56,57,58,-1,58,57,59,-1,58,59,60,-1,60,59,61,-1,60,61,62,-1,62,61,63,-1,62,63,64,-1,64,63,65,-1,64,65,66,-1,67,66,68,-1,68,66,65,-1,69,70,71,-1,71,70,72,-1,71,72,73,-1,73,72,67,-1,73,67,68,-1,70,69,74,-1,70,74,75,-1,74,76,75,-1,75,76,77,-1,75,77,78,-1,78,77,79,-1,78,79,80,-1,80,79,81,-1,80,81,82,-1,82,81,83,-1,82,83,84,-1,84,83,85,-1,84,85,86,-1,85,87,86,-1,86,87,88,-1,86,88,89,-1,89,88,90,-1,89,90,91,-1,91,90,92,-1,91,92,93,-1,93,92,94,-1,93,94,95,-1,94,96,95,-1,95,96,97,-1,95,97,98,-1,98,97,99,-1,98,99,100,-1,13,12,101,-1,100,99,102,-1,100,102,103,-1,103,102,104,-1,103,104,105,-1,105,104,106,-1,105,106,101,-1,101,106,107,-1,101,107,13,-1,82,52,80,-1,80,52,54,-1,80,54,78,-1,91,44,89,-1,89,44,46,-1,89,46,86,-1,86,46,84,-1,84,46,48,-1,84,48,82,-1,82,48,50,-1,82,50,52,-1,78,54,75,-1,75,54,56,-1,75,56,70,-1,20,21,18,-1,18,21,24,-1,18,24,14,-1,14,24,26,-1,14,26,12,-1,12,26,28,-1,12,28,101,-1,101,28,30,-1,101,30,105,-1,105,30,32,-1,105,32,103,-1,103,32,34,-1,103,34,100,-1,100,34,36,-1,100,36,98,-1,98,36,38,-1,98,38,95,-1,95,38,93,-1,93,38,40,-1,93,40,91,-1,91,40,42,-1,91,42,44,-1,56,58,70,-1,70,58,60,-1,70,60,72,-1,72,60,62,-1,72,62,67,-1,67,62,64,-1,67,64,66,-1,108,109,110,-1,110,109,111,-1,112,113,114,-1,114,113,108,-1,114,108,110,-1,115,113,116,-1,116,113,112,-1,115,116,117,-1,117,116,118,-1,117,118,119,-1,120,117,121,-1,121,117,119,-1,122,123,124,-1,124,123,120,-1,124,120,121,-1,125,123,126,-1,126,123,122,-1,125,126,127,-1,127,126,128,-1,127,128,129,-1,130,127,131,-1,131,127,129,-1,132,133,134,-1,134,133,130,-1,134,130,131,-1,135,133,136,-1,136,133,132,-1,135,136,109,-1,109,136,137,-1,109,137,111,-1,135,109,108,-1,108,113,135,-1,135,113,115,-1,135,115,133,-1,127,130,125,-1,125,130,133,-1,125,133,123,-1,123,133,115,-1,123,115,120,-1,120,115,117,-1,138,139,140,-1,140,139,141,-1,140,141,142,-1,142,141,143,-1,142,143,144,-1,144,143,145,-1,144,145,146,-1,146,145,147,-1,146,147,148,-1,148,147,149,-1,148,149,150,-1,150,149,151,-1,150,151,152,-1,152,151,153,-1,152,153,154,-1,154,153,155,-1,154,155,156,-1,156,155,157,-1,156,157,158,-1,158,157,159,-1,158,159,160,-1,160,159,161,-1,160,161,162,-1,162,161,163,-1,162,163,164,-1,164,163,165,-1,164,165,166,-1,166,165,167,-1,166,167,168,-1,168,167,169,-1,168,169,170,-1,170,169,171,-1,170,171,172,-1,172,171,138,-1,172,138,140,-1,146,148,173,-1,173,148,174,-1,175,140,142,-1,146,173,176,-1,146,176,144,-1,144,176,177,-1,144,177,142,-1,142,177,178,-1,142,178,175,-1,140,175,179,-1,140,179,172,-1,172,179,180,-1,172,180,170,-1,170,180,181,-1,170,181,168,-1,168,181,182,-1,168,182,166,-1,166,182,183,-1,166,183,164,-1,164,183,184,-1,164,184,162,-1,162,184,185,-1,162,185,160,-1,160,185,186,-1,160,186,158,-1,187,152,154,-1,158,186,188,-1,158,188,156,-1,156,188,189,-1,156,189,154,-1,154,189,190,-1,154,190,187,-1,150,152,191,-1,191,152,187,-1,148,150,174,-1,174,150,191,-1,153,151,192,-1,192,151,193,-1,151,149,193,-1,193,149,194,-1,149,147,194,-1,194,147,195,-1,139,196,197,-1,139,197,141,-1,141,197,198,-1,141,198,143,-1,143,198,199,-1,143,199,145,-1,145,199,195,-1,145,195,147,-1,167,200,201,-1,167,201,169,-1,169,201,202,-1,169,202,171,-1,171,202,203,-1,171,203,138,-1,138,203,196,-1,138,196,139,-1,159,204,205,-1,159,205,161,-1,161,205,206,-1,161,206,163,-1,163,206,207,-1,163,207,165,-1,165,207,200,-1,165,200,167,-1,153,192,208,-1,153,208,155,-1,155,208,209,-1,155,209,157,-1,157,209,204,-1,157,204,159,-1,
        ]
    }
}
Shape{
    appearance Appearance {
        material  Material 	{
            diffuseColor 0.25098039215686274 0.25098039215686274 0.25098039215686274
            specularColor 0.12549019607843137 0.12549019607843137 0.12549019607843137
            ambientIntensity 0.251
            transparency 0.0
            shininess 0.5
        }
    }
    geometry IndexedFaceSet {
        ccw TRUE
        solid FALSE
        coord DEF co Coordinate {
            point [
                0.1105 -1.2205 0.2213, 0.1105 -1.2205 0.1927, 0.1161 -1.2205 0.2213, 0.1159 -1.2205 0.1927, 0.121 -1.2205 0.1933, 0.1241 -1.2205 0.1945, 0.1265 -1.2205 0.1962, 0.1269 -1.2205 0.1966, 0.1288 -1.2205 0.1988, 0.13 -1.2205 0.2016, 0.1309 -1.2205 0.2074, 0.1268 -1.2205 0.2178, 0.1243 -1.2205 0.2195, 0.1304 -1.2205 0.212, 0.1293 -1.2205 0.2147, 0.1279 -1.2205 0.2168, 0.1308 -1.2205 0.2049, 0.1212 -1.2205 0.2207
            ]
        }
        coordIndex [
            0,1,2,-1,2,1,3,-1,3,4,2,-1,2,4,5,-1,2,5,6,-1,6,7,2,-1,2,7,8,-1,2,8,9,-1,10,11,12,-1,13,14,10,-1,10,14,15,-1,10,15,11,-1,9,16,2,-1,2,16,10,-1,2,10,17,-1,17,10,12,-1,
        ]
    }
}
Shape{
    appearance Appearance {
        material  Material 	{
            diffuseColor 1.0 1.0 1.0
            specularColor 0.5019607843137255 0.5019607843137255 0.5019607843137255
            ambientIntensity 1.0
            transparency 0.0
            shininess 0.5
        }
    }
    geometry IndexedFaceSet {
        ccw TRUE
        solid FALSE
        coord DEF co Coordinate {
            point [
                0.1484 -1.2244 0.2028, 0.1468 -1.2244 0.1986, 0.1608 -1.2244 0.2028, 0.1623 -1.2244 0.1986, 0.1539 -1.2244 0.2182, 0.1521 -1.2244 0.2256, 0.138 -1.2244 0.1885, 0.1433 -1.2244 0.1885, 0.1542 -1.2244 0.2193, 0.1545 -1.2244 0.2208, 0.1572 -1.2244 0.2256, 0.1546 -1.2244 0.2208, 0.1549 -1.2244 0.2193, 0.1552 -1.2244 0.2182, 0.1713 -1.2244 0.1885, 0.1661 -1.2244 0.1885, 0.1572 -1.2205 0.2256, 0.1713 -1.2205 0.1885, 0.1521 -1.2205 0.2256, 0.138 -1.2205 0.1885, 0.1487 -1.2205 0.2165, 0.1433 -1.2205 0.1885, 0.1468 -1.2205 0.1986, 0.1623 -1.2205 0.1986, 0.1487 -1.2205 0.1986, 0.1661 -1.2205 0.1885, 0.1484 -1.2205 0.2028, 0.1608 -1.2205 0.2028, 0.1552 -1.2205 0.2182, 0.1546 -1.2205 0.2208, 0.1549 -1.2205 0.2193, 0.1545 -1.2205 0.2208, 0.1539 -1.2205 0.2182, 0.1542 -1.2205 0.2193
            ]
        }
        coordIndex [
            0,1,2,-1,2,1,3,-1,4,5,0,-1,0,5,6,-1,0,6,1,-1,1,6,7,-1,4,8,5,-1,5,8,9,-1,5,9,10,-1,10,9,11,-1,10,11,12,-1,12,13,10,-1,10,13,2,-1,10,2,14,-1,14,2,3,-1,14,3,15,-1,10,14,16,-1,16,14,17,-1,5,10,18,-1,18,10,16,-1,19,6,20,-1,20,6,5,-1,20,5,18,-1,7,6,21,-1,21,6,19,-1,1,7,22,-1,22,7,21,-1,23,3,24,-1,24,3,1,-1,24,1,22,-1,15,3,25,-1,25,3,23,-1,14,15,17,-1,17,15,25,-1,0,2,26,-1,26,2,27,-1,2,13,27,-1,27,13,28,-1,11,29,30,-1,11,30,12,-1,12,30,28,-1,12,28,13,-1,11,9,29,-1,29,9,31,-1,4,32,33,-1,4,33,8,-1,8,33,31,-1,8,31,9,-1,4,0,32,-1,32,0,26,-1,
        ]
    }
}
Shape{
    appearance Appearance {
        material  Material 	{
            diffuseColor 0.25098039215686274 0.25098039215686274 0.25098039215686274
            specularColor 0.12549019607843137 0.12549019607843137 0.12549019607843137
            ambientIntensity 0.251
            transparency 0.0
            shininess 0.5
        }
    }
    geometry IndexedFaceSet {
        ccw TRUE
        solid FALSE
        coord DEF co Coordinate {
            point [
                0.1546 -1.2205 0.2208, 0.1545 -1.2205 0.2208, 0.1549 -1.2205 0.2193, 0.1542 -1.2205 0.2193, 0.1552 -1.2205 0.2182, 0.1539 -1.2205 0.2182, 0.1608 -1.2205 0.2028, 0.1484 -1.2205 0.2028
            ]
        }
        coordIndex [
            0,1,2,-1,2,1,3,-1,2,3,4,-1,4,3,5,-1,4,5,6,-1,6,5,7,-1,
        ]
    }
}
Shape{
    appearance Appearance {
        material  Material 	{
            diffuseColor 1.0 1.0 1.0
            specularColor 0.5019607843137255 0.5019607843137255 0.5019607843137255
            ambientIntensity 1.0
            transparency 0.0
            shininess 0.5
        }
    }
    geometry IndexedFaceSet {
        ccw TRUE
        solid FALSE
        coord DEF co Coordinate {
            point [
                0.0425 -1.2244 0.1339, 0.0425 -1.2244 0.1297, 0.0425 -1.2205 0.1339, 0.0425 -1.2205 0.1297, 0.0274 -1.2244 0.1339, 0.0274 -1.2205 0.1339, 0.0274 -1.2244 0.1464, 0.0274 -1.2205 0.1464, 0.0406 -1.2244 0.1464, 0.0406 -1.2205 0.1464, 0.0406 -1.2244 0.1506, 0.0406 -1.2205 0.1506, 0.0274 -1.2244 0.1506, 0.0274 -1.2205 0.1506, 0.0274 -1.2244 0.1625, 0.0274 -1.2205 0.1625, 0.0417 -1.2244 0.1625, 0.0417 -1.2205 0.1625, 0.0417 -1.2244 0.1667, 0.0417 -1.2205 0.1667, 0.0226 -1.2244 0.1667, 0.0226 -1.2205 0.1667, 0.0226 -1.2244 0.1297, 0.0226 -1.2205 0.1297, 0.0635 -1.2244 0.1338, 0.0636 -1.2244 0.1338, 0.0633 -1.2244 0.138, 0.0636 -1.2244 0.1401, 0.0682 -1.2244 0.1467, 0.0636 -1.2244 0.1404, 0.0636 -1.2244 0.143, 0.0636 -1.2244 0.1297, 0.0682 -1.2244 0.1297, 0.0517 -1.2244 0.1379, 0.0519 -1.2244 0.1389, 0.0479 -1.2244 0.141, 0.0626 -1.2244 0.1364, 0.0616 -1.2244 0.135, 0.0627 -1.2244 0.1326, 0.061 -1.2244 0.1345, 0.0612 -1.2244 0.1311, 0.0597 -1.2244 0.1336, 0.0596 -1.2244 0.13, 0.0583 -1.2244 0.1331, 0.0578 -1.2244 0.1293, 0.0566 -1.2244 0.1329, 0.0554 -1.2244 0.1291, 0.055 -1.2244 0.133, 0.0526 -1.2244 0.1294, 0.0539 -1.2244 0.1334, 0.0508 -1.2244 0.13, 0.053 -1.2244 0.1341, 0.0492 -1.2244 0.1311, 0.0526 -1.2244 0.1345, 0.0489 -1.2244 0.1423, 0.0523 -1.2244 0.1398, 0.0503 -1.2244 0.1436, 0.0529 -1.2244 0.1405, 0.0523 -1.2244 0.1446, 0.0535 -1.2244 0.1409, 0.0545 -1.2244 0.1415, 0.0557 -1.2244 0.1454, 0.0574 -1.2244 0.1421, 0.0636 -1.2244 0.1465, 0.0473 -1.2244 0.1394, 0.047 -1.2244 0.1374, 0.0517 -1.2244 0.1371, 0.047 -1.2244 0.1368, 0.0518 -1.2244 0.1361, 0.0472 -1.2244 0.1347, 0.0521 -1.2244 0.1352, 0.0477 -1.2244 0.1331, 0.0487 -1.2244 0.1317, 0.0495 -1.2244 0.1543, 0.0495 -1.2244 0.1498, 0.0505 -1.2244 0.1549, 0.0524 -1.2244 0.1516, 0.054 -1.2244 0.1562, 0.0553 -1.2244 0.1527, 0.0587 -1.2244 0.1568, 0.0582 -1.2244 0.153, 0.0615 -1.2244 0.1565, 0.0598 -1.2244 0.1528, 0.0634 -1.2244 0.1559, 0.0609 -1.2244 0.1525, 0.065 -1.2244 0.155, 0.0617 -1.2244 0.1519, 0.0662 -1.2244 0.1538, 0.0624 -1.2244 0.1512, 0.0671 -1.2244 0.1523, 0.0629 -1.2244 0.1502, 0.0679 -1.2244 0.1502, 0.0634 -1.2244 0.1486, 0.0587 -1.2205 0.1568, 0.054 -1.2205 0.1562, 0.0505 -1.2205 0.1549, 0.0495 -1.2205 0.1543, 0.0495 -1.2205 0.1498, 0.0524 -1.2205 0.1516, 0.0553 -1.2205 0.1527, 0.0582 -1.2205 0.153, 0.0598 -1.2205 0.1528, 0.0609 -1.2205 0.1525, 0.0617 -1.2205 0.1519, 0.0624 -1.2205 0.1512, 0.0629 -1.2205 0.1502, 0.0634 -1.2205 0.1486, 0.0636 -1.2205 0.1465, 0.0557 -1.2205 0.1454, 0.0523 -1.2205 0.1446, 0.0503 -1.2205 0.1436, 0.0489 -1.2205 0.1423, 0.0479 -1.2205 0.141, 0.0473 -1.2205 0.1394, 0.047 -1.2205 0.1374, 0.047 -1.2205 0.1368, 0.0472 -1.2205 0.1347, 0.0477 -1.2205 0.1331, 0.0487 -1.2205 0.1317, 0.0492 -1.2205 0.1311, 0.0554 -1.2205 0.1291, 0.0527 -1.2205 0.1294, 0.0526 -1.2205 0.1294, 0.0508 -1.2205 0.13, 0.0578 -1.2205 0.1293, 0.0579 -1.2205 0.1294, 0.0596 -1.2205 0.13, 0.0612 -1.2205 0.1311, 0.0627 -1.2205 0.1326, 0.0635 -1.2205 0.1338, 0.0636 -1.2205 0.1338, 0.0636 -1.2205 0.1297, 0.0682 -1.2205 0.1297, 0.0682 -1.2205 0.1467, 0.0679 -1.2205 0.1502, 0.0671 -1.2205 0.1523, 0.0662 -1.2205 0.1538, 0.065 -1.2205 0.155, 0.0634 -1.2205 0.1559, 0.0615 -1.2205 0.1565, 0.0529 -1.2205 0.1405, 0.0535 -1.2205 0.1409, 0.0545 -1.2205 0.1415, 0.0574 -1.2205 0.1421, 0.0517 -1.2205 0.1371, 0.0517 -1.2205 0.1379, 0.0519 -1.2205 0.1389, 0.0523 -1.2205 0.1398, 0.053 -1.2205 0.1341, 0.0526 -1.2205 0.1345, 0.0521 -1.2205 0.1352, 0.0518 -1.2205 0.1361, 0.0566 -1.2205 0.1329, 0.055 -1.2205 0.133, 0.0539 -1.2205 0.1334, 0.0616 -1.2205 0.135, 0.061 -1.2205 0.1345, 0.0597 -1.2205 0.1336, 0.0583 -1.2205 0.1331, 0.0636 -1.2205 0.1404, 0.0636 -1.2205 0.1401, 0.0633 -1.2205 0.138, 0.0626 -1.2205 0.1364, 0.0636 -1.2205 0.143
            ]
        }
        coordIndex [
            0,1,2,-1,2,1,3,-1,4,0,5,-1,5,0,2,-1,6,4,7,-1,7,4,5,-1,8,6,9,-1,9,6,7,-1,10,8,11,-1,11,8,9,-1,12,10,13,-1,13,10,11,-1,14,12,15,-1,15,12,13,-1,16,14,17,-1,17,14,15,-1,18,16,19,-1,19,16,17,-1,20,18,21,-1,21,18,19,-1,22,20,23,-1,23,20,21,-1,1,22,3,-1,3,22,23,-1,22,1,0,-1,0,4,22,-1,22,4,6,-1,22,6,20,-1,16,18,14,-1,14,18,20,-1,14,20,12,-1,12,20,6,-1,12,6,10,-1,10,6,8,-1,24,25,26,-1,27,28,29,-1,29,28,30,-1,31,32,25,-1,25,32,28,-1,25,28,26,-1,26,28,27,-1,33,34,35,-1,26,36,24,-1,24,36,37,-1,24,37,38,-1,38,37,39,-1,38,39,40,-1,40,39,41,-1,40,41,42,-1,42,41,43,-1,42,43,44,-1,44,43,45,-1,44,45,46,-1,46,45,47,-1,46,47,48,-1,48,47,49,-1,48,49,50,-1,50,49,51,-1,50,51,52,-1,52,51,53,-1,35,34,54,-1,54,34,55,-1,54,55,56,-1,56,55,57,-1,56,57,58,-1,57,59,58,-1,58,59,60,-1,58,60,61,-1,61,60,62,-1,61,62,63,-1,35,64,33,-1,33,64,65,-1,33,65,66,-1,66,65,67,-1,66,67,68,-1,68,67,69,-1,68,69,70,-1,70,69,71,-1,70,71,53,-1,53,71,72,-1,53,72,52,-1,73,74,75,-1,75,74,76,-1,75,76,77,-1,77,76,78,-1,77,78,79,-1,79,78,80,-1,79,80,81,-1,81,80,82,-1,81,82,83,-1,83,82,84,-1,83,84,85,-1,85,84,86,-1,85,86,87,-1,87,86,88,-1,87,88,89,-1,89,88,90,-1,89,90,91,-1,91,90,92,-1,91,92,28,-1,28,92,63,-1,28,63,30,-1,30,63,62,-1,79,93,94,-1,79,94,77,-1,77,94,95,-1,77,95,75,-1,75,95,96,-1,75,96,73,-1,74,73,97,-1,97,73,96,-1,74,97,98,-1,74,98,76,-1,76,98,99,-1,76,99,78,-1,78,99,100,-1,78,100,80,-1,80,100,101,-1,80,101,82,-1,82,101,102,-1,82,102,84,-1,84,102,103,-1,84,103,86,-1,86,103,104,-1,86,104,88,-1,88,104,105,-1,88,105,90,-1,90,105,106,-1,90,106,92,-1,92,106,107,-1,92,107,63,-1,61,63,108,-1,108,63,107,-1,61,108,109,-1,61,109,58,-1,58,109,110,-1,58,110,56,-1,56,110,111,-1,56,111,54,-1,54,111,112,-1,54,112,35,-1,35,112,113,-1,35,113,64,-1,64,113,114,-1,64,114,65,-1,65,114,115,-1,65,115,67,-1,67,115,116,-1,67,116,69,-1,69,116,117,-1,69,117,71,-1,71,117,118,-1,71,118,72,-1,72,118,119,-1,72,119,52,-1,120,46,121,-1,121,46,48,-1,121,48,122,-1,122,48,50,-1,122,50,123,-1,123,50,52,-1,123,52,119,-1,46,120,124,-1,46,124,44,-1,44,124,125,-1,44,125,42,-1,125,126,42,-1,42,126,127,-1,42,127,40,-1,40,127,128,-1,40,128,38,-1,38,128,129,-1,38,129,24,-1,25,24,130,-1,130,24,129,-1,31,25,131,-1,131,25,130,-1,32,31,132,-1,132,31,131,-1,28,32,133,-1,133,32,132,-1,28,133,134,-1,28,134,91,-1,91,134,135,-1,91,135,89,-1,89,135,136,-1,89,136,87,-1,87,136,137,-1,87,137,85,-1,85,137,138,-1,85,138,83,-1,83,138,139,-1,83,139,81,-1,81,139,93,-1,81,93,79,-1,57,140,141,-1,57,141,59,-1,59,141,142,-1,59,142,60,-1,60,142,143,-1,60,143,62,-1,66,144,145,-1,66,145,33,-1,33,145,146,-1,33,146,34,-1,34,146,147,-1,34,147,55,-1,55,147,140,-1,55,140,57,-1,51,148,149,-1,51,149,53,-1,53,149,150,-1,53,150,70,-1,70,150,151,-1,70,151,68,-1,68,151,144,-1,68,144,66,-1,45,152,153,-1,45,153,47,-1,47,153,154,-1,47,154,49,-1,49,154,148,-1,49,148,51,-1,37,155,156,-1,37,156,39,-1,39,156,157,-1,39,157,41,-1,41,157,158,-1,41,158,43,-1,43,158,152,-1,43,152,45,-1,29,159,160,-1,29,160,27,-1,27,160,161,-1,27,161,26,-1,26,161,162,-1,26,162,36,-1,36,162,155,-1,36,155,37,-1,29,30,159,-1,159,30,163,-1,30,62,163,-1,163,62,143,-1,
        ]
    }
}
Shape{
    appearance Appearance {
        material  Material 	{
            diffuseColor 0.25098039215686274 0.25098039215686274 0.25098039215686274
            specularColor 0.12549019607843137 0.12549019607843137 0.12549019607843137
            ambientIntensity 0.251
            transparency 0.0
            shininess 0.5
        }
    }
    geometry IndexedFaceSet {
        ccw TRUE
        solid FALSE
        coord DEF co Coordinate {
            point [
                0.0636 -1.2205 0.1401, 0.0636 -1.2205 0.1404, 0.0529 -1.2205 0.1405, 0.0636 -1.2205 0.143, 0.0574 -1.2205 0.1421, 0.0545 -1.2205 0.1415, 0.0535 -1.2205 0.1409, 0.0633 -1.2205 0.138, 0.0523 -1.2205 0.1398, 0.0626 -1.2205 0.1364, 0.0526 -1.2205 0.1345, 0.053 -1.2205 0.1341, 0.061 -1.2205 0.1345, 0.0521 -1.2205 0.1352, 0.0597 -1.2205 0.1336, 0.0583 -1.2205 0.1331, 0.0566 -1.2205 0.1329, 0.0519 -1.2205 0.1389, 0.0517 -1.2205 0.1379, 0.0616 -1.2205 0.135, 0.0517 -1.2205 0.1371, 0.0518 -1.2205 0.1361, 0.0539 -1.2205 0.1334, 0.055 -1.2205 0.133
            ]
        }
        coordIndex [
            0,1,2,-1,1,3,4,-1,4,5,1,-1,1,5,6,-1,1,6,2,-1,0,2,7,-1,7,2,8,-1,7,8,9,-1,10,11,12,-1,10,12,13,-1,14,12,15,-1,15,12,16,-1,8,17,9,-1,9,17,18,-1,9,18,19,-1,19,18,20,-1,19,20,12,-1,12,20,21,-1,12,21,13,-1,11,22,12,-1,12,22,23,-1,12,23,16,-1,
        ]
    }
}
Shape{
    appearance Appearance {
        material  Material 	{
            diffuseColor 1.0 1.0 1.0
            specularColor 0.5019607843137255 0.5019607843137255 0.5019607843137255
            ambientIntensity 1.0
            transparency 0.0
            shininess 0.5
        }
    }
    geometry IndexedFaceSet {
        ccw TRUE
        solid FALSE
        coord DEF co Coordinate {
            point [
                0.0745 -1.2205 0.1354, 0.0745 -1.2244 0.1354, 0.0763 -1.2244 0.1343, 0.0822 -1.2244 0.1328, 0.0822 -1.2205 0.1328, 0.0792 -1.2205 0.1332, 0.0792 -1.2244 0.1332, 0.0767 -1.2205 0.1342, 0.0763 -1.2205 0.1343, 0.0745 -1.2244 0.1306, 0.0745 -1.2205 0.1306, 0.0767 -1.2205 0.1298, 0.0774 -1.2244 0.1295, 0.0817 -1.2205 0.1291, 0.0817 -1.2244 0.1291, 0.079 -1.2205 0.1294, 0.0774 -1.2205 0.1295, 0.0849 -1.2205 0.1294, 0.0853 -1.2244 0.1294, 0.0853 -1.2205 0.1294, 0.0879 -1.2205 0.1303, 0.0879 -1.2244 0.1303, 0.0894 -1.2205 0.1312, 0.0894 -1.2244 0.1312, 0.0907 -1.2205 0.1323, 0.0907 -1.2244 0.1323, 0.0916 -1.2205 0.1335, 0.0916 -1.2244 0.1335, 0.0922 -1.2205 0.135, 0.0922 -1.2244 0.135, 0.0924 -1.2205 0.1369, 0.0924 -1.2244 0.1369, 0.0922 -1.2205 0.1386, 0.0922 -1.2244 0.1386, 0.0917 -1.2205 0.14, 0.0917 -1.2244 0.14, 0.0908 -1.2205 0.1413, 0.0908 -1.2244 0.1413, 0.0897 -1.2205 0.1422, 0.0897 -1.2244 0.1422, 0.0867 -1.2205 0.144, 0.0867 -1.2244 0.144, 0.0849 -1.2205 0.1447, 0.0849 -1.2244 0.1447, 0.082 -1.2205 0.1459, 0.082 -1.2244 0.1459, 0.0803 -1.2205 0.147, 0.0803 -1.2244 0.147, 0.0799 -1.2205 0.1475, 0.0799 -1.2244 0.1475, 0.0796 -1.2205 0.1481, 0.0796 -1.2244 0.1481, 0.0794 -1.2205 0.1488, 0.0794 -1.2244 0.1488, 0.0793 -1.2205 0.1494, 0.0793 -1.2244 0.1494, 0.0794 -1.2205 0.1502, 0.0794 -1.2244 0.1502, 0.0796 -1.2205 0.1508, 0.0796 -1.2244 0.1508, 0.08 -1.2205 0.1514, 0.08 -1.2244 0.1514, 0.0807 -1.2205 0.152, 0.0807 -1.2244 0.152, 0.0818 -1.2205 0.1526, 0.0818 -1.2244 0.1526, 0.083 -1.2205 0.1529, 0.083 -1.2244 0.1529, 0.0844 -1.2205 0.153, 0.0844 -1.2244 0.153, 0.0875 -1.2205 0.1526, 0.0875 -1.2244 0.1526, 0.0901 -1.2205 0.1517, 0.0901 -1.2244 0.1517, 0.0911 -1.2205 0.1511, 0.0911 -1.2244 0.1511, 0.0911 -1.2244 0.1556, 0.0911 -1.2205 0.1556, 0.088 -1.2205 0.1565, 0.088 -1.2244 0.1565, 0.0849 -1.2205 0.1568, 0.0849 -1.2244 0.1568, 0.0815 -1.2205 0.1564, 0.0815 -1.2244 0.1564, 0.079 -1.2205 0.1555, 0.079 -1.2244 0.1555, 0.0775 -1.2205 0.1547, 0.0775 -1.2244 0.1547, 0.0767 -1.2205 0.1539, 0.0761 -1.2244 0.1534, 0.0761 -1.2205 0.1534, 0.0753 -1.2205 0.1522, 0.0753 -1.2244 0.1522, 0.0747 -1.2205 0.1507, 0.0747 -1.2244 0.1507, 0.0745 -1.2205 0.149, 0.0745 -1.2244 0.149, 0.0747 -1.2205 0.1472, 0.0747 -1.2244 0.1472, 0.0753 -1.2205 0.1458, 0.0753 -1.2244 0.1458, 0.0759 -1.2205 0.1448, 0.0759 -1.2244 0.1448, 0.0816 -1.2205 0.1413, 0.0816 -1.2244 0.1413, 0.0788 -1.2244 0.1426, 0.0766 -1.2205 0.144, 0.0766 -1.2244 0.144, 0.0767 -1.2205 0.144, 0.0788 -1.2205 0.1426, 0.0846 -1.2205 0.14, 0.0846 -1.2244 0.14, 0.0864 -1.2205 0.1389, 0.0864 -1.2244 0.1389, 0.087 -1.2205 0.1383, 0.087 -1.2244 0.1383, 0.0874 -1.2205 0.1377, 0.0874 -1.2244 0.1377, 0.0876 -1.2205 0.137, 0.0876 -1.2244 0.137, 0.0876 -1.2205 0.1364, 0.0876 -1.2244 0.1364, 0.0875 -1.2205 0.1355, 0.0875 -1.2244 0.1355, 0.0873 -1.2205 0.1349, 0.0873 -1.2244 0.1349, 0.0869 -1.2205 0.1343, 0.0869 -1.2244 0.1343, 0.0864 -1.2205 0.1338, 0.0864 -1.2244 0.1338, 0.0859 -1.2205 0.1336, 0.0859 -1.2244 0.1336, 0.0847 -1.2205 0.1331, 0.0847 -1.2244 0.1331, 0.0824 -1.2205 0.1328, 0.0824 -1.2244 0.1328, 0.1154 -1.2244 0.1562, 0.1202 -1.2244 0.1562, 0.1154 -1.2205 0.1562, 0.1202 -1.2205 0.1562, 0.1082 -1.2244 0.1362, 0.1082 -1.2205 0.1362, 0.1078 -1.2205 0.135, 0.1078 -1.2244 0.135, 0.1076 -1.2205 0.1341, 0.1076 -1.2244 0.1341, 0.1075 -1.2244 0.1341, 0.1075 -1.2205 0.1341, 0.1069 -1.2244 0.1363, 0.1069 -1.2205 0.1363, 0.1 -1.2244 0.1562, 0.1023 -1.2205 0.1497, 0.1 -1.2205 0.1562, 0.0948 -1.2244 0.1562, 0.0948 -1.2205 0.1562, 0.1052 -1.2244 0.1297, 0.1023 -1.2205 0.1372, 0.1052 -1.2205 0.1297, 0.1032 -1.2205 0.1249, 0.1032 -1.2244 0.1249, 0.105 -1.2205 0.1294, 0.1022 -1.2205 0.1232, 0.1022 -1.2244 0.1232, 0.1014 -1.2205 0.1223, 0.1014 -1.2244 0.1223, 0.1006 -1.2205 0.1217, 0.1006 -1.2244 0.1217, 0.0996 -1.2205 0.1213, 0.0996 -1.2244 0.1213, 0.0984 -1.2205 0.1212, 0.0984 -1.2244 0.1212, 0.0967 -1.2205 0.1214, 0.0967 -1.2244 0.1214, 0.0958 -1.2205 0.1217, 0.0958 -1.2244 0.1217, 0.0958 -1.2244 0.1176, 0.0958 -1.2205 0.1176, 0.0977 -1.2205 0.1172, 0.0977 -1.2244 0.1172, 0.0988 -1.2205 0.1172, 0.0988 -1.2244 0.1172, 0.1006 -1.2205 0.1174, 0.1006 -1.2244 0.1174, 0.1023 -1.2205 0.118, 0.1025 -1.2244 0.1181, 0.1025 -1.2205 0.1181, 0.1041 -1.2205 0.1193, 0.1041 -1.2244 0.1193, 0.1044 -1.2205 0.1195, 0.1044 -1.2244 0.1195, 0.1061 -1.2205 0.1216, 0.1061 -1.2244 0.1216, 0.1082 -1.2205 0.1257, 0.1082 -1.2244 0.1257, 0.1097 -1.2205 0.1294, 0.1452 -1.2244 0.1339, 0.1452 -1.2244 0.1297, 0.1452 -1.2205 0.1339, 0.1452 -1.2205 0.1297, 0.13 -1.2244 0.1339, 0.137 -1.2205 0.1339, 0.13 -1.2205 0.1339, 0.13 -1.2244 0.1464, 0.13 -1.2205 0.1464, 0.1433 -1.2244 0.1464, 0.137 -1.2205 0.1464, 0.1433 -1.2205 0.1464, 0.1433 -1.2244 0.1506, 0.1433 -1.2205 0.1506, 0.13 -1.2205 0.1506, 0.13 -1.2244 0.1506, 0.137 -1.2205 0.1506, 0.13 -1.2244 0.1625, 0.13 -1.2205 0.1625, 0.1443 -1.2205 0.1625, 0.1443 -1.2244 0.1625, 0.137 -1.2205 0.1625, 0.1443 -1.2244 0.1667, 0.1443 -1.2205 0.1667, 0.1252 -1.2205 0.1667, 0.1252 -1.2244 0.1667, 0.137 -1.2205 0.1667, 0.1252 -1.2244 0.1297, 0.1252 -1.2205 0.1297, 0.137 -1.2205 0.1297, 0.1752 -1.2244 0.14, 0.1734 -1.2244 0.1378, 0.1768 -1.2244 0.1349, 0.1729 -1.2244 0.1374, 0.1729 -1.2244 0.1321, 0.1705 -1.2244 0.1357, 0.1686 -1.2244 0.1304, 0.1675 -1.2244 0.1345, 0.1624 -1.2244 0.1297, 0.1623 -1.2244 0.1339, 0.1522 -1.2244 0.1297, 0.157 -1.2244 0.1339, 0.1522 -1.2244 0.1667, 0.157 -1.2244 0.1625, 0.1627 -1.2244 0.1667, 0.1626 -1.2244 0.1625, 0.1684 -1.2244 0.1661, 0.1676 -1.2244 0.1619, 0.1729 -1.2244 0.1645, 0.1708 -1.2244 0.1607, 0.1768 -1.2244 0.1618, 0.1733 -1.2244 0.159, 0.1781 -1.2244 0.1606, 0.1743 -1.2244 0.158, 0.1804 -1.2244 0.1573, 0.1757 -1.2244 0.1559, 0.1817 -1.2244 0.1538, 0.1768 -1.2244 0.1532, 0.1824 -1.2244 0.1487, 0.1773 -1.2244 0.1486, 0.1822 -1.2244 0.1463, 0.1772 -1.2244 0.1461, 0.1813 -1.2244 0.142, 0.1765 -1.2244 0.1427, 0.1795 -1.2244 0.1382, 0.1624 -1.2205 0.1297, 0.1522 -1.2205 0.1297, 0.1686 -1.2205 0.1304, 0.1729 -1.2205 0.1321, 0.1768 -1.2205 0.1349, 0.1795 -1.2205 0.1382, 0.1813 -1.2205 0.142, 0.1822 -1.2205 0.1463, 0.1824 -1.2205 0.1487, 0.1817 -1.2205 0.1538, 0.1804 -1.2205 0.1573, 0.1781 -1.2205 0.1606, 0.1768 -1.2205 0.1618, 0.1729 -1.2205 0.1645, 0.1684 -1.2205 0.1661, 0.1627 -1.2205 0.1667, 0.1522 -1.2205 0.1667, 0.1626 -1.2205 0.1625, 0.157 -1.2205 0.1625, 0.157 -1.2205 0.1339, 0.1623 -1.2205 0.1339, 0.1734 -1.2205 0.1378, 0.1729 -1.2205 0.1374, 0.1705 -1.2205 0.1357, 0.1675 -1.2205 0.1345, 0.1773 -1.2205 0.1486, 0.1772 -1.2205 0.1461, 0.1765 -1.2205 0.1427, 0.1752 -1.2205 0.14, 0.1733 -1.2205 0.159, 0.1743 -1.2205 0.158, 0.1757 -1.2205 0.1559, 0.1768 -1.2205 0.1532, 0.1676 -1.2205 0.1619, 0.1708 -1.2205 0.1607
            ]
        }
        coordIndex [
            0,1,2,-1,3,4,5,-1,3,5,6,-1,6,5,7,-1,6,7,2,-1,2,7,8,-1,2,8,0,-1,9,1,10,-1,10,1,0,-1,10,11,9,-1,9,11,12,-1,13,14,15,-1,15,14,12,-1,15,12,16,-1,16,12,11,-1,13,17,14,-1,14,17,18,-1,17,19,18,-1,18,19,20,-1,18,20,21,-1,21,20,22,-1,21,22,23,-1,23,22,24,-1,23,24,25,-1,25,24,26,-1,25,26,27,-1,27,26,28,-1,27,28,29,-1,29,28,30,-1,29,30,31,-1,31,30,32,-1,31,32,33,-1,33,32,34,-1,33,34,35,-1,35,34,36,-1,35,36,37,-1,37,36,38,-1,37,38,39,-1,39,38,40,-1,39,40,41,-1,41,40,42,-1,41,42,43,-1,43,42,44,-1,43,44,45,-1,45,44,46,-1,45,46,47,-1,47,46,48,-1,47,48,49,-1,49,48,50,-1,49,50,51,-1,51,50,52,-1,51,52,53,-1,53,52,54,-1,53,54,55,-1,55,54,56,-1,55,56,57,-1,57,56,58,-1,57,58,59,-1,59,58,60,-1,59,60,61,-1,61,60,62,-1,61,62,63,-1,63,62,64,-1,63,64,65,-1,65,64,66,-1,65,66,67,-1,67,66,68,-1,67,68,69,-1,69,68,70,-1,69,70,71,-1,71,70,72,-1,71,72,73,-1,73,72,74,-1,73,74,75,-1,76,75,77,-1,77,75,74,-1,76,77,78,-1,76,78,79,-1,79,78,80,-1,79,80,81,-1,81,80,82,-1,81,82,83,-1,83,82,84,-1,83,84,85,-1,85,84,86,-1,85,86,87,-1,86,88,87,-1,87,88,89,-1,88,90,89,-1,89,90,91,-1,89,91,92,-1,92,91,93,-1,92,93,94,-1,94,93,95,-1,94,95,96,-1,96,95,97,-1,96,97,98,-1,98,97,99,-1,98,99,100,-1,100,99,101,-1,100,101,102,-1,103,104,105,-1,102,101,106,-1,102,106,107,-1,107,106,108,-1,107,108,105,-1,105,108,109,-1,105,109,103,-1,104,103,110,-1,104,110,111,-1,111,110,112,-1,111,112,113,-1,113,112,114,-1,113,114,115,-1,115,114,116,-1,115,116,117,-1,117,116,118,-1,117,118,119,-1,119,118,120,-1,119,120,121,-1,121,120,122,-1,121,122,123,-1,123,122,124,-1,123,124,125,-1,125,124,126,-1,125,126,127,-1,127,126,128,-1,127,128,129,-1,129,128,130,-1,129,130,131,-1,131,130,132,-1,131,132,133,-1,133,132,134,-1,133,134,135,-1,135,134,4,-1,135,4,3,-1,61,63,85,-1,85,63,83,-1,45,104,43,-1,43,104,111,-1,43,111,41,-1,14,3,12,-1,12,3,6,-1,12,6,9,-1,9,6,2,-1,9,2,1,-1,63,65,83,-1,83,65,67,-1,83,67,81,-1,81,67,69,-1,81,69,79,-1,79,69,71,-1,79,71,76,-1,76,71,73,-1,76,73,75,-1,41,111,39,-1,39,111,113,-1,39,113,37,-1,37,113,115,-1,37,115,35,-1,35,115,117,-1,35,117,33,-1,33,117,119,-1,33,119,31,-1,31,119,121,-1,31,121,29,-1,29,121,123,-1,29,123,27,-1,27,123,125,-1,27,125,25,-1,25,125,127,-1,25,127,23,-1,23,127,129,-1,23,129,21,-1,21,129,131,-1,21,131,18,-1,18,131,133,-1,18,133,14,-1,14,133,135,-1,14,135,3,-1,85,87,61,-1,61,87,89,-1,61,89,59,-1,59,89,92,-1,59,92,57,-1,57,92,94,-1,57,94,55,-1,55,94,96,-1,55,96,53,-1,53,96,98,-1,53,98,51,-1,51,98,100,-1,51,100,49,-1,49,100,102,-1,49,102,47,-1,47,102,107,-1,47,107,45,-1,45,107,105,-1,45,105,104,-1,136,137,138,-1,138,137,139,-1,140,136,141,-1,141,136,138,-1,140,141,142,-1,140,142,143,-1,143,142,144,-1,143,144,145,-1,146,145,147,-1,147,145,144,-1,148,146,149,-1,149,146,147,-1,148,149,150,-1,150,149,151,-1,150,151,152,-1,153,150,154,-1,154,150,152,-1,153,154,155,-1,155,154,156,-1,155,156,157,-1,158,159,160,-1,160,159,155,-1,160,155,157,-1,159,158,161,-1,159,161,162,-1,162,161,163,-1,162,163,164,-1,164,163,165,-1,164,165,166,-1,166,165,167,-1,166,167,168,-1,168,167,169,-1,168,169,170,-1,170,169,171,-1,170,171,172,-1,172,171,173,-1,172,173,174,-1,175,174,176,-1,176,174,173,-1,175,176,177,-1,175,177,178,-1,178,177,179,-1,178,179,180,-1,180,179,181,-1,180,181,182,-1,182,181,183,-1,182,183,184,-1,183,185,184,-1,184,185,186,-1,184,186,187,-1,187,186,188,-1,187,188,189,-1,189,188,190,-1,189,190,191,-1,191,190,192,-1,191,192,193,-1,139,137,194,-1,194,137,193,-1,194,193,192,-1,143,145,193,-1,137,136,193,-1,193,136,140,-1,193,140,143,-1,150,153,148,-1,148,153,155,-1,148,155,146,-1,174,175,172,-1,172,175,178,-1,172,178,170,-1,170,178,180,-1,170,180,168,-1,168,180,182,-1,168,182,166,-1,166,182,184,-1,166,184,164,-1,145,146,193,-1,193,146,155,-1,193,155,191,-1,155,159,191,-1,191,159,162,-1,191,162,189,-1,189,162,164,-1,189,164,187,-1,187,164,184,-1,195,196,197,-1,197,196,198,-1,195,197,199,-1,199,197,200,-1,199,200,201,-1,202,199,203,-1,203,199,201,-1,202,203,204,-1,204,203,205,-1,204,205,206,-1,207,204,208,-1,208,204,206,-1,209,210,211,-1,211,210,207,-1,211,207,208,-1,212,210,213,-1,213,210,209,-1,214,215,216,-1,216,215,212,-1,216,212,213,-1,217,215,218,-1,218,215,214,-1,219,220,221,-1,221,220,217,-1,221,217,218,-1,222,220,223,-1,223,220,219,-1,222,223,196,-1,196,223,224,-1,196,224,198,-1,222,196,195,-1,195,199,222,-1,222,199,202,-1,222,202,220,-1,215,217,212,-1,212,217,220,-1,212,220,210,-1,210,220,202,-1,210,202,207,-1,207,202,204,-1,225,226,227,-1,227,226,228,-1,227,228,229,-1,229,228,230,-1,229,230,231,-1,231,230,232,-1,231,232,233,-1,233,232,234,-1,233,234,235,-1,235,234,236,-1,235,236,237,-1,237,236,238,-1,237,238,239,-1,239,238,240,-1,239,240,241,-1,241,240,242,-1,241,242,243,-1,243,242,244,-1,243,244,245,-1,245,244,246,-1,245,246,247,-1,247,246,248,-1,247,248,249,-1,249,248,250,-1,249,250,251,-1,251,250,252,-1,251,252,253,-1,253,252,254,-1,253,254,255,-1,255,254,256,-1,255,256,257,-1,257,256,258,-1,257,258,259,-1,259,258,225,-1,259,225,227,-1,233,235,260,-1,260,235,261,-1,233,260,262,-1,233,262,231,-1,231,262,263,-1,231,263,229,-1,229,263,264,-1,229,264,227,-1,227,264,265,-1,227,265,259,-1,259,265,266,-1,259,266,257,-1,257,266,267,-1,257,267,255,-1,255,267,268,-1,255,268,253,-1,253,268,269,-1,253,269,251,-1,251,269,270,-1,251,270,249,-1,249,270,271,-1,249,271,247,-1,247,271,272,-1,247,272,245,-1,245,272,273,-1,245,273,243,-1,243,273,274,-1,243,274,241,-1,241,274,275,-1,241,275,239,-1,237,239,276,-1,276,239,275,-1,235,237,261,-1,261,237,276,-1,240,238,277,-1,277,238,278,-1,238,236,278,-1,278,236,279,-1,236,234,279,-1,279,234,280,-1,226,281,282,-1,226,282,228,-1,228,282,283,-1,228,283,230,-1,230,283,284,-1,230,284,232,-1,232,284,280,-1,232,280,234,-1,254,285,286,-1,254,286,256,-1,256,286,287,-1,256,287,258,-1,258,287,288,-1,258,288,225,-1,225,288,281,-1,225,281,226,-1,246,289,290,-1,246,290,248,-1,248,290,291,-1,248,291,250,-1,250,291,292,-1,250,292,252,-1,252,292,285,-1,252,285,254,-1,240,277,293,-1,240,293,242,-1,242,293,294,-1,242,294,244,-1,244,294,289,-1,244,289,246,-1,
        ]
    }
}
Shape{
    appearance Appearance {
        material  Material 	{
            diffuseColor 0.25098039215686274 0.25098039215686274 0.25098039215686274
            specularColor 0.12549019607843137 0.12549019607843137 0.12549019607843137
            ambientIntensity 0.251
            transparency 0.0
            shininess 0.5
        }
    }
    geometry IndexedFaceSet {
        ccw TRUE
        solid FALSE
        coord DEF co Coordinate {
            point [
                0.157 -1.2205 0.1625, 0.157 -1.2205 0.1339, 0.1626 -1.2205 0.1625, 0.1623 -1.2205 0.1339, 0.1675 -1.2205 0.1345, 0.1705 -1.2205 0.1357, 0.1729 -1.2205 0.1374, 0.1734 -1.2205 0.1378, 0.1752 -1.2205 0.14, 0.1765 -1.2205 0.1427, 0.1773 -1.2205 0.1486, 0.1733 -1.2205 0.159, 0.1708 -1.2205 0.1607, 0.1768 -1.2205 0.1532, 0.1757 -1.2205 0.1559, 0.1743 -1.2205 0.158, 0.1772 -1.2205 0.1461, 0.1676 -1.2205 0.1619
            ]
        }
        coordIndex [
            0,1,2,-1,2,1,3,-1,3,4,2,-1,2,4,5,-1,2,5,6,-1,6,7,2,-1,2,7,8,-1,2,8,9,-1,10,11,12,-1,13,14,10,-1,10,14,15,-1,10,15,11,-1,9,16,2,-1,2,16,10,-1,2,10,17,-1,17,10,12,-1,
        ]
    }
}
Shape{
    appearance Appearance {
        material  Material 	{
            diffuseColor 1.0 1.0 1.0
            specularColor 0.5019607843137255 0.5019607843137255 0.5019607843137255
            ambientIntensity 1.0
            transparency 0.0
            shininess 0.5
        }
    }
    geometry IndexedFaceSet {
        ccw TRUE
        solid FALSE
        coord DEF co Coordinate {
            point [
                0.1948 -1.2244 0.144, 0.1933 -1.2244 0.1398, 0.2072 -1.2244 0.144, 0.2087 -1.2244 0.1398, 0.2003 -1.2244 0.1594, 0.1985 -1.2244 0.1667, 0.1844 -1.2244 0.1297, 0.1897 -1.2244 0.1297, 0.2006 -1.2244 0.1605, 0.2009 -1.2244 0.162, 0.2036 -1.2244 0.1667, 0.201 -1.2244 0.162, 0.2013 -1.2244 0.1604, 0.2016 -1.2244 0.1594, 0.2178 -1.2244 0.1297, 0.2125 -1.2244 0.1297, 0.2036 -1.2205 0.1667, 0.2178 -1.2205 0.1297, 0.1985 -1.2205 0.1667, 0.1844 -1.2205 0.1297, 0.1897 -1.2205 0.1297, 0.1933 -1.2205 0.1398, 0.2087 -1.2205 0.1398, 0.2125 -1.2205 0.1297, 0.1948 -1.2205 0.144, 0.2072 -1.2205 0.144, 0.2016 -1.2205 0.1594, 0.201 -1.2205 0.162, 0.2013 -1.2205 0.1604, 0.2009 -1.2205 0.162, 0.2003 -1.2205 0.1594, 0.2006 -1.2205 0.1605
            ]
        }
        coordIndex [
            0,1,2,-1,2,1,3,-1,4,5,0,-1,0,5,6,-1,0,6,1,-1,1,6,7,-1,4,8,5,-1,5,8,9,-1,5,9,10,-1,10,9,11,-1,10,11,12,-1,12,13,10,-1,10,13,2,-1,10,2,14,-1,14,2,3,-1,14,3,15,-1,10,14,16,-1,16,14,17,-1,5,10,18,-1,18,10,16,-1,6,5,19,-1,19,5,18,-1,7,6,20,-1,20,6,19,-1,1,7,21,-1,21,7,20,-1,3,1,22,-1,22,1,21,-1,15,3,23,-1,23,3,22,-1,14,15,17,-1,17,15,23,-1,0,2,24,-1,24,2,25,-1,2,13,25,-1,25,13,26,-1,11,27,28,-1,11,28,12,-1,12,28,26,-1,12,26,13,-1,11,9,27,-1,27,9,29,-1,4,30,31,-1,4,31,8,-1,8,31,29,-1,8,29,9,-1,4,0,30,-1,30,0,24,-1,
        ]
    }
}
Shape{
    appearance Appearance {
        material  Material 	{
            diffuseColor 0.25098039215686274 0.25098039215686274 0.25098039215686274
            specularColor 0.12549019607843137 0.12549019607843137 0.12549019607843137
            ambientIntensity 0.251
            transparency 0.0
            shininess 0.5
        }
    }
    geometry IndexedFaceSet {
        ccw TRUE
        solid FALSE
        coord DEF co Coordinate {
            point [
                0.201 -1.2205 0.162, 0.2009 -1.2205 0.162, 0.2013 -1.2205 0.1604, 0.2006 -1.2205 0.1605, 0.2016 -1.2205 0.1594, 0.2003 -1.2205 0.1594, 0.2072 -1.2205 0.144, 0.1948 -1.2205 0.144
            ]
        }
        coordIndex [
            0,1,2,-1,2,1,3,-1,2,3,4,-1,4,3,5,-1,4,5,6,-1,6,5,7,-1,
        ]
    }
}
Shape{
    appearance Appearance {
        material  Material 	{
            diffuseColor 1.0 1.0 1.0
            specularColor 0.5019607843137255 0.5019607843137255 0.5019607843137255
            ambientIntensity 1.0
            transparency 0.0
            shininess 0.5
        }
    }
    geometry IndexedFaceSet {
        ccw TRUE
        solid FALSE
        coord DEF co Coordinate {
            point [
                -0.1481 -1.2244 0.1935, -0.1422 -1.2244 0.1967, -0.1436 -1.2244 0.2129, -0.0972 -1.2244 0.1234, -0.0941 -1.2244 0.1293, -0.0925 -1.2244 0.1358, -0.1272 -1.2244 0.2136, -0.119 -1.2244 0.1944, -0.115 -1.2244 0.2027, -0.1288 -1.2244 0.135, -0.1293 -1.2244 0.1375, -0.1435 -1.2244 0.1477, -0.1438 -1.2244 0.1301, -0.1471 -1.2244 0.1311, -0.1493 -1.2244 0.1513, -0.1332 -1.2244 0.2142, -0.0555 -1.2244 0.1607, -0.0637 -1.2244 0.1746, -0.0924 -1.2244 0.1411, -0.099 -1.2244 0.1562, -0.0924 -1.2244 0.1385, -0.1065 -1.2244 0.1152, -0.1012 -1.2244 0.1189, -0.1095 -1.2244 0.1422, -0.1088 -1.2244 0.1398, -0.1088 -1.2244 0.1372, -0.1094 -1.2244 0.1347, -0.1106 -1.2244 0.1324, -0.1277 -1.2244 0.1328, -0.1372 -1.2244 0.1196, -0.1411 -1.2244 0.1244, -0.0468 -1.2244 0.1867, -0.0447 -1.2244 0.1867, -0.0339 -1.2244 0.201, -0.0397 -1.2244 0.1861, -0.0326 -1.2244 0.2005, -0.0351 -1.2244 0.1844, -0.0247 -1.2244 0.1966, -0.0176 -1.2244 0.1906, -0.1218 -1.2244 0.2199, -0.1091 -1.2244 0.2098, -0.1156 -1.2244 0.2252, -0.102 -1.2244 0.2149, -0.1084 -1.2244 0.2296, -0.1357 -1.2244 0.1982, -0.133 -1.2244 0.1983, -0.1302 -1.2244 0.214, -0.1268 -1.2244 0.1976, -0.1209 -1.2244 0.1954, -0.1121 -1.2244 0.1306, -0.1141 -1.2244 0.1292, -0.1124 -1.2244 0.1129, -0.1164 -1.2244 0.1283, -0.1187 -1.2244 0.1122, -0.119 -1.2244 0.128, -0.1198 -1.2244 0.1122, -0.1195 -1.2244 0.128, -0.126 -1.2244 0.1131, -0.1218 -1.2244 0.1284, -0.1321 -1.2244 0.1157, -0.1242 -1.2244 0.1294, -0.1262 -1.2244 0.1309, -0.0175 -1.2244 0.1414, -0.0298 -1.2244 0.1519, -0.0247 -1.2244 0.1353, -0.0337 -1.2244 0.1487, -0.0327 -1.2244 0.1314, -0.0384 -1.2244 0.1465, -0.0415 -1.2244 0.1296, -0.0431 -1.2244 0.1456, -0.0571 -1.2244 0.1296, -0.055 -1.2244 0.1456, -0.0586 -1.2244 0.1298, -0.031 -1.2244 0.1815, -0.0279 -1.2244 0.1781, -0.0122 -1.2244 0.1831, -0.0255 -1.2244 0.1736, -0.009 -1.2244 0.1751, -0.0243 -1.2244 0.1685, -0.0078 -1.2244 0.1665, -0.0241 -1.2244 0.1662, -0.009 -1.2244 0.157, -0.0248 -1.2244 0.1611, -0.0123 -1.2244 0.1487, -0.0266 -1.2244 0.1564, -0.0295 -1.2244 0.1522, -0.0481 -1.2244 0.2218, -0.0584 -1.2244 0.2097, -0.0392 -1.2244 0.2114, -0.0525 -1.2244 0.2026, -0.0484 -1.2244 0.1941, -0.1585 -1.2244 0.1784, -0.1759 -1.2244 0.174, -0.1593 -1.2244 0.172, -0.1759 -1.2244 0.1715, -0.159 -1.2244 0.1679, -0.1747 -1.2244 0.1611, -0.1571 -1.2244 0.1615, -0.1709 -1.2244 0.1513, -0.154 -1.2244 0.1561, -0.1649 -1.2244 0.1427, -0.1566 -1.2244 0.1357, -0.1291 -1.2244 0.1401, -0.1284 -1.2244 0.1425, -0.1406 -1.2244 0.1534, -0.127 -1.2244 0.1447, -0.1362 -1.2244 0.1584, -0.1259 -1.2244 0.1458, -0.1309 -1.2244 0.1621, -0.1239 -1.2244 0.1473, -0.125 -1.2244 0.1644, -0.1216 -1.2244 0.1482, -0.1187 -1.2244 0.1651, -0.119 -1.2244 0.1485, -0.1155 -1.2244 0.1649, -0.1171 -1.2244 0.1483, -0.1092 -1.2244 0.1634, -0.1146 -1.2244 0.1475, -0.1036 -1.2244 0.1604, -0.1125 -1.2244 0.1462, -0.1107 -1.2244 0.1443, -0.0962 -1.2244 0.2341, -0.0934 -1.2244 0.2184, -0.084 -1.2244 0.2355, -0.0837 -1.2244 0.2197, -0.0719 -1.2244 0.2341, -0.0747 -1.2244 0.2186, -0.0587 -1.2244 0.2291, -0.0665 -1.2244 0.2154, -0.0591 -1.2244 0.2103, -0.1534 -1.2244 0.2091, -0.1618 -1.2244 0.2032, -0.1526 -1.2244 0.1895, -0.1635 -1.2244 0.2015, -0.1563 -1.2244 0.1842, -0.1699 -1.2244 0.1934, -0.1741 -1.2244 0.1839, -0.0563 -1.2244 0.1459, -0.0626 -1.2244 0.1323, -0.062 -1.2244 0.1317, -0.0555 -1.2244 0.1457, -0.0603 -1.2244 0.1305, -0.0647 -1.2244 0.1377, -0.0645 -1.2244 0.1358, -0.0638 -1.2244 0.134, -0.0586 -1.2244 0.1456, -0.0604 -1.2244 0.1449, -0.0646 -1.2244 0.1388, -0.062 -1.2244 0.1438, -0.0631 -1.2244 0.1426, -0.0641 -1.2244 0.1408, -0.0565 -1.2244 0.1459, -0.0158 -1.2205 0.1882, -0.0122 -1.2205 0.1831, -0.0099 -1.2205 0.1773, -0.009 -1.2205 0.1751, -0.0078 -1.2205 0.1665, -0.0176 -1.2205 0.1906, -0.0247 -1.2205 0.1966, -0.0326 -1.2205 0.2005, -0.0339 -1.2205 0.201, -0.0392 -1.2205 0.2114, -0.0481 -1.2205 0.2218, -0.054 -1.2205 0.2259, -0.0587 -1.2205 0.2291, -0.0719 -1.2205 0.2341, -0.084 -1.2205 0.2355, -0.1156 -1.2205 0.2252, -0.1145 -1.2205 0.2259, -0.1084 -1.2205 0.2296, -0.0962 -1.2205 0.2341, -0.1218 -1.2205 0.2199, -0.1272 -1.2205 0.2136, -0.1302 -1.2205 0.214, -0.1332 -1.2205 0.2142, -0.1436 -1.2205 0.2129, -0.1534 -1.2205 0.2091, -0.1618 -1.2205 0.2032, -0.1635 -1.2205 0.2015, -0.1699 -1.2205 0.1934, -0.1722 -1.2205 0.1882, -0.1741 -1.2205 0.1839, -0.1753 -1.2205 0.1773, -0.1759 -1.2205 0.174, -0.1759 -1.2205 0.1715, -0.1747 -1.2205 0.1611, -0.1709 -1.2205 0.1513, -0.1649 -1.2205 0.1427, -0.1566 -1.2205 0.1357, -0.1471 -1.2205 0.1311, -0.1438 -1.2205 0.1301, -0.1434 -1.2205 0.1294, -0.1411 -1.2205 0.1244, -0.1372 -1.2205 0.1196, -0.1321 -1.2205 0.1157, -0.1296 -1.2205 0.1147, -0.126 -1.2205 0.1131, -0.1198 -1.2205 0.1122, -0.1187 -1.2205 0.1122, -0.0924 -1.2205 0.1385, -0.1124 -1.2205 0.1129, -0.1078 -1.2205 0.1147, -0.1065 -1.2205 0.1152, -0.1012 -1.2205 0.1189, -0.0972 -1.2205 0.1234, -0.0941 -1.2205 0.1293, -0.094 -1.2205 0.1294, -0.0925 -1.2205 0.1358, -0.0924 -1.2205 0.1411, -0.0555 -1.2205 0.1607, -0.0637 -1.2205 0.1746, -0.099 -1.2205 0.1562, -0.1036 -1.2205 0.1604, -0.1092 -1.2205 0.1634, -0.1155 -1.2205 0.1649, -0.1187 -1.2205 0.1651, -0.125 -1.2205 0.1644, -0.1309 -1.2205 0.1621, -0.1362 -1.2205 0.1584, -0.1406 -1.2205 0.1534, -0.1435 -1.2205 0.1477, -0.1493 -1.2205 0.1513, -0.154 -1.2205 0.1561, -0.1571 -1.2205 0.1615, -0.159 -1.2205 0.1679, -0.1593 -1.2205 0.172, -0.1587 -1.2205 0.1773, -0.1585 -1.2205 0.1784, -0.1563 -1.2205 0.1842, -0.1535 -1.2205 0.1882, -0.1526 -1.2205 0.1895, -0.1481 -1.2205 0.1935, -0.1422 -1.2205 0.1967, -0.1357 -1.2205 0.1982, -0.133 -1.2205 0.1983, -0.1268 -1.2205 0.1976, -0.1209 -1.2205 0.1954, -0.119 -1.2205 0.1944, -0.115 -1.2205 0.2027, -0.1091 -1.2205 0.2098, -0.102 -1.2205 0.2149, -0.0934 -1.2205 0.2184, -0.0837 -1.2205 0.2197, -0.0468 -1.2205 0.1867, -0.0471 -1.2205 0.1882, -0.0484 -1.2205 0.1941, -0.0525 -1.2205 0.2026, -0.0584 -1.2205 0.2097, -0.0591 -1.2205 0.2103, -0.0665 -1.2205 0.2154, -0.0747 -1.2205 0.2186, -0.0447 -1.2205 0.1867, -0.0397 -1.2205 0.1861, -0.0351 -1.2205 0.1844, -0.031 -1.2205 0.1815, -0.0279 -1.2205 0.1781, -0.0275 -1.2205 0.1773, -0.0255 -1.2205 0.1736, -0.0243 -1.2205 0.1685, -0.0241 -1.2205 0.1662, -0.0248 -1.2205 0.1611, -0.0266 -1.2205 0.1564, -0.0295 -1.2205 0.1522, -0.0298 -1.2205 0.1519, -0.0337 -1.2205 0.1487, -0.0384 -1.2205 0.1465, -0.0431 -1.2205 0.1456, -0.055 -1.2205 0.1456, -0.0555 -1.2205 0.1457, -0.0563 -1.2205 0.1459, -0.0565 -1.2205 0.1459, -0.0586 -1.2205 0.1456, -0.0604 -1.2205 0.1449, -0.062 -1.2205 0.1438, -0.0631 -1.2205 0.1426, -0.0641 -1.2205 0.1408, -0.0646 -1.2205 0.1388, -0.0647 -1.2205 0.1377, -0.0645 -1.2205 0.1358, -0.0638 -1.2205 0.134, -0.0626 -1.2205 0.1323, -0.062 -1.2205 0.1317, -0.0603 -1.2205 0.1305, -0.0586 -1.2205 0.1298, -0.0571 -1.2205 0.1296, -0.0415 -1.2205 0.1296, -0.0327 -1.2205 0.1314, -0.0247 -1.2205 0.1353, -0.0175 -1.2205 0.1414, -0.0123 -1.2205 0.1487, -0.009 -1.2205 0.157, -0.119 -1.2205 0.1485, -0.1171 -1.2205 0.1483, -0.1146 -1.2205 0.1475, -0.1125 -1.2205 0.1462, -0.1107 -1.2205 0.1443, -0.1095 -1.2205 0.1422, -0.1088 -1.2205 0.1398, -0.1088 -1.2205 0.1372, -0.1094 -1.2205 0.1347, -0.1106 -1.2205 0.1324, -0.1121 -1.2205 0.1306, -0.1141 -1.2205 0.1292, -0.1164 -1.2205 0.1283, -0.119 -1.2205 0.128, -0.1195 -1.2205 0.128, -0.1218 -1.2205 0.1284, -0.1242 -1.2205 0.1294, -0.1262 -1.2205 0.1309, -0.1277 -1.2205 0.1328, -0.1288 -1.2205 0.135, -0.1293 -1.2205 0.1375, -0.1291 -1.2205 0.1401, -0.1284 -1.2205 0.1425, -0.127 -1.2205 0.1447, -0.1259 -1.2205 0.1458, -0.1239 -1.2205 0.1473, -0.1216 -1.2205 0.1482
            ]
        }
        coordIndex [
            0,1,2,-1,3,4,5,-1,6,7,8,-1,9,10,11,-1,12,11,13,-1,13,11,14,-1,2,1,15,-1,16,17,18,-1,18,17,19,-1,18,19,20,-1,20,19,21,-1,20,21,5,-1,5,21,22,-1,5,22,3,-1,23,24,19,-1,19,24,25,-1,19,25,21,-1,21,25,26,-1,21,26,27,-1,28,9,29,-1,29,9,11,-1,29,11,30,-1,30,11,12,-1,31,32,33,-1,33,32,34,-1,33,34,35,-1,35,34,36,-1,35,36,37,-1,37,36,38,-1,6,8,39,-1,39,8,40,-1,39,40,41,-1,41,40,42,-1,41,42,43,-1,1,44,15,-1,15,44,45,-1,15,45,46,-1,46,45,47,-1,46,47,6,-1,6,47,48,-1,6,48,7,-1,27,49,21,-1,21,49,50,-1,21,50,51,-1,51,50,52,-1,51,52,53,-1,53,52,54,-1,53,54,55,-1,55,54,56,-1,55,56,57,-1,57,56,58,-1,57,58,59,-1,59,58,60,-1,59,60,29,-1,29,60,61,-1,29,61,28,-1,62,63,64,-1,64,63,65,-1,64,65,66,-1,66,65,67,-1,66,67,68,-1,68,67,69,-1,68,69,70,-1,70,69,71,-1,70,71,72,-1,36,73,38,-1,38,73,74,-1,38,74,75,-1,75,74,76,-1,75,76,77,-1,77,76,78,-1,77,78,79,-1,79,78,80,-1,79,80,81,-1,81,80,82,-1,81,82,83,-1,83,82,84,-1,83,84,62,-1,62,84,85,-1,62,85,63,-1,86,87,88,-1,88,87,89,-1,88,89,33,-1,33,89,90,-1,33,90,31,-1,91,92,93,-1,93,92,94,-1,93,94,95,-1,95,94,96,-1,95,96,97,-1,97,96,98,-1,97,98,99,-1,99,98,100,-1,99,100,14,-1,14,100,101,-1,14,101,13,-1,10,102,11,-1,11,102,103,-1,11,103,104,-1,104,103,105,-1,104,105,106,-1,106,105,107,-1,106,107,108,-1,108,107,109,-1,108,109,110,-1,110,109,111,-1,110,111,112,-1,112,111,113,-1,112,113,114,-1,114,113,115,-1,114,115,116,-1,116,115,117,-1,116,117,118,-1,118,117,119,-1,118,119,19,-1,19,119,120,-1,19,120,23,-1,43,42,121,-1,121,42,122,-1,121,122,123,-1,123,122,124,-1,123,124,125,-1,125,124,126,-1,125,126,127,-1,127,126,128,-1,127,128,86,-1,86,128,129,-1,86,129,87,-1,2,130,0,-1,0,130,131,-1,0,131,132,-1,132,131,133,-1,132,133,134,-1,134,133,135,-1,134,135,91,-1,91,135,136,-1,91,136,92,-1,137,138,139,-1,71,140,72,-1,72,140,137,-1,72,137,141,-1,141,137,139,-1,142,143,137,-1,137,143,144,-1,137,144,138,-1,145,146,147,-1,146,148,147,-1,147,148,149,-1,147,149,150,-1,142,137,147,-1,147,137,151,-1,147,151,145,-1,152,38,153,-1,153,38,75,-1,153,75,154,-1,154,75,77,-1,154,77,155,-1,155,77,79,-1,155,79,156,-1,152,157,38,-1,38,157,158,-1,38,158,37,-1,37,158,159,-1,37,159,35,-1,35,159,160,-1,35,160,33,-1,33,160,161,-1,33,161,88,-1,88,161,162,-1,88,162,86,-1,86,162,127,-1,127,162,163,-1,163,164,127,-1,127,164,165,-1,127,165,125,-1,125,165,166,-1,125,166,123,-1,167,41,168,-1,168,41,43,-1,168,43,169,-1,169,43,121,-1,169,121,170,-1,170,121,123,-1,170,123,166,-1,41,167,171,-1,41,171,39,-1,39,171,172,-1,39,172,6,-1,6,172,173,-1,6,173,46,-1,46,173,174,-1,46,174,15,-1,15,174,175,-1,15,175,2,-1,2,175,176,-1,2,176,130,-1,130,176,177,-1,130,177,131,-1,131,177,178,-1,131,178,133,-1,136,135,179,-1,179,135,133,-1,179,133,178,-1,179,180,136,-1,136,180,181,-1,136,181,92,-1,92,181,182,-1,182,183,92,-1,92,183,184,-1,92,184,94,-1,94,184,185,-1,94,185,96,-1,96,185,186,-1,96,186,98,-1,98,186,187,-1,98,187,100,-1,100,187,188,-1,100,188,101,-1,101,188,189,-1,101,189,13,-1,13,189,190,-1,13,190,12,-1,12,190,191,-1,12,191,30,-1,191,192,30,-1,30,192,193,-1,30,193,29,-1,29,193,194,-1,29,194,59,-1,59,194,195,-1,59,195,57,-1,195,196,57,-1,57,196,197,-1,57,197,55,-1,55,197,198,-1,55,198,53,-1,199,20,5,-1,53,198,200,-1,53,200,51,-1,51,200,201,-1,51,201,21,-1,201,202,21,-1,21,202,203,-1,21,203,22,-1,22,203,204,-1,22,204,3,-1,3,204,205,-1,3,205,4,-1,4,205,206,-1,4,206,5,-1,5,206,207,-1,5,207,199,-1,18,20,208,-1,208,20,199,-1,16,18,209,-1,209,18,208,-1,17,16,210,-1,210,16,209,-1,19,17,211,-1,211,17,210,-1,19,211,212,-1,19,212,118,-1,118,212,213,-1,118,213,116,-1,116,213,214,-1,116,214,114,-1,114,214,215,-1,114,215,112,-1,112,215,216,-1,112,216,110,-1,110,216,217,-1,110,217,108,-1,108,217,218,-1,108,218,106,-1,106,218,219,-1,106,219,104,-1,104,219,220,-1,104,220,11,-1,11,220,221,-1,11,221,14,-1,14,221,222,-1,14,222,99,-1,99,222,223,-1,99,223,97,-1,97,223,224,-1,97,224,95,-1,95,224,225,-1,95,225,93,-1,225,226,93,-1,93,226,91,-1,226,227,91,-1,91,227,228,-1,91,228,134,-1,134,228,229,-1,134,229,132,-1,229,230,132,-1,132,230,231,-1,132,231,0,-1,0,231,232,-1,0,232,1,-1,1,232,233,-1,1,233,44,-1,44,233,234,-1,44,234,45,-1,45,234,235,-1,45,235,47,-1,47,235,236,-1,47,236,48,-1,48,236,237,-1,48,237,7,-1,7,237,238,-1,7,238,8,-1,8,238,239,-1,8,239,40,-1,40,239,240,-1,40,240,42,-1,42,240,241,-1,42,241,122,-1,122,241,242,-1,122,242,124,-1,243,31,244,-1,244,31,90,-1,244,90,245,-1,245,90,89,-1,245,89,246,-1,246,89,87,-1,246,87,247,-1,247,87,129,-1,247,129,248,-1,248,129,128,-1,248,128,249,-1,249,128,126,-1,249,126,250,-1,250,126,124,-1,250,124,242,-1,32,31,251,-1,251,31,243,-1,32,251,252,-1,32,252,34,-1,34,252,253,-1,34,253,36,-1,36,253,254,-1,36,254,73,-1,73,254,255,-1,73,255,74,-1,74,255,256,-1,74,256,76,-1,256,257,76,-1,76,257,258,-1,76,258,78,-1,78,258,259,-1,78,259,80,-1,80,259,260,-1,80,260,82,-1,82,260,261,-1,82,261,84,-1,84,261,262,-1,84,262,85,-1,85,262,263,-1,85,263,63,-1,63,263,264,-1,63,264,65,-1,65,264,265,-1,65,265,67,-1,67,265,266,-1,67,266,69,-1,71,69,267,-1,267,69,266,-1,71,267,268,-1,71,268,140,-1,140,268,269,-1,140,269,137,-1,137,269,270,-1,137,270,151,-1,151,270,271,-1,151,271,145,-1,145,271,272,-1,145,272,146,-1,146,272,273,-1,146,273,148,-1,148,273,274,-1,148,274,149,-1,149,274,275,-1,149,275,150,-1,150,275,276,-1,150,276,147,-1,147,276,277,-1,147,277,142,-1,142,277,278,-1,142,278,143,-1,143,278,279,-1,143,279,144,-1,144,279,280,-1,144,280,138,-1,138,280,281,-1,138,281,139,-1,139,281,282,-1,139,282,141,-1,141,282,283,-1,141,283,72,-1,72,283,284,-1,72,284,70,-1,68,70,285,-1,285,70,284,-1,68,285,286,-1,68,286,66,-1,66,286,287,-1,66,287,64,-1,64,287,288,-1,64,288,62,-1,62,288,289,-1,62,289,83,-1,83,289,290,-1,83,290,81,-1,81,290,156,-1,81,156,79,-1,113,291,292,-1,113,292,115,-1,115,292,293,-1,115,293,117,-1,117,293,294,-1,117,294,119,-1,119,294,295,-1,119,295,120,-1,120,295,296,-1,120,296,23,-1,23,296,297,-1,23,297,24,-1,24,297,298,-1,24,298,25,-1,25,298,299,-1,25,299,26,-1,26,299,300,-1,26,300,27,-1,27,300,301,-1,27,301,49,-1,49,301,302,-1,49,302,50,-1,50,302,303,-1,50,303,52,-1,52,303,304,-1,52,304,54,-1,54,304,305,-1,54,305,56,-1,56,305,306,-1,56,306,58,-1,58,306,307,-1,58,307,60,-1,60,307,308,-1,60,308,61,-1,61,308,309,-1,61,309,28,-1,28,309,310,-1,28,310,9,-1,9,310,311,-1,9,311,10,-1,10,311,312,-1,10,312,102,-1,102,312,313,-1,102,313,103,-1,103,313,314,-1,103,314,105,-1,105,314,315,-1,105,315,107,-1,107,315,316,-1,107,316,109,-1,109,316,317,-1,109,317,111,-1,111,317,291,-1,111,291,113,-1,
        ]
    }
}
Shape{
    appearance Appearance {
        material  Material 	{
            diffuseColor 0.25098039215686274 0.25098039215686274 0.25098039215686274
            specularColor 0.12549019607843137 0.12549019607843137 0.12549019607843137
            ambientIntensity 0.251
            transparency 0.0
            shininess 0.5
        }
    }
    geometry IndexedFaceSet {
        ccw TRUE
        solid FALSE
        coord DEF co Coordinate {
            point [
                -0.1195 -1.2205 0.128, -0.1259 -1.2205 0.1458, -0.127 -1.2205 0.1447, -0.1164 -1.2205 0.1283, -0.1141 -1.2205 0.1292, -0.1171 -1.2205 0.1483, -0.119 -1.2205 0.1485, -0.1216 -1.2205 0.1482, -0.1239 -1.2205 0.1473, -0.1288 -1.2205 0.135, -0.1277 -1.2205 0.1328, -0.1262 -1.2205 0.1309, -0.119 -1.2205 0.128, -0.1095 -1.2205 0.1422, -0.1107 -1.2205 0.1443, -0.1106 -1.2205 0.1324, -0.1125 -1.2205 0.1462, -0.1284 -1.2205 0.1425, -0.1291 -1.2205 0.1401, -0.1293 -1.2205 0.1375, -0.1242 -1.2205 0.1294, -0.1218 -1.2205 0.1284, -0.1121 -1.2205 0.1306, -0.1146 -1.2205 0.1475, -0.1094 -1.2205 0.1347, -0.1088 -1.2205 0.1372, -0.1088 -1.2205 0.1398
            ]
        }
        coordIndex [
            0,1,2,-1,3,4,5,-1,6,7,0,-1,0,7,8,-1,0,8,1,-1,9,10,2,-1,2,10,11,-1,6,0,5,-1,5,0,12,-1,5,12,3,-1,13,14,15,-1,15,14,16,-1,17,18,2,-1,2,18,19,-1,2,19,9,-1,11,20,2,-1,2,20,21,-1,2,21,0,-1,4,22,5,-1,5,22,15,-1,5,15,23,-1,23,15,16,-1,24,25,15,-1,15,25,26,-1,15,26,13,-1,
        ]
    }
}
Shape{
    appearance Appearance {
        material  Material 	{
            diffuseColor 0.7529411764705882 0.7529411764705882 0.7529411764705882
            specularColor 0.3764705882352941 0.3764705882352941 0.3764705882352941
            ambientIntensity 0.7529
            transparency 0.0
            shininess 0.5
        }
    }
    geometry IndexedFaceSet {
        ccw TRUE
        solid FALSE
        coord DEF co Coordinate {
            point [
                0.0492 -0.0886 0.0079, 0.0492 0.2165 0.0079, 0.0492 -0.0886 0.0, 0.0492 0.2165 0.0, 0.1476 0.2165 0.0079, 0.1476 0.2165 0.0, 0.1476 -0.0886 0.0079, 0.1476 -0.0886 0.0, -0.1476 -0.0886 0.0079, -0.1476 0.2165 0.0079, -0.1476 -0.0886 0.0, -0.1476 0.2165 0.0, -0.0492 0.2165 0.0079, -0.0492 0.2165 0.0, -0.0492 -0.0886 0.0079, -0.0492 -0.0886 0.0
            ]
        }
        coordIndex [
            0,1,2,-1,2,1,3,-1,1,4,3,-1,3,4,5,-1,4,6,5,-1,5,6,7,-1,6,0,7,-1,7,0,2,-1,3,5,2,-1,2,5,7,-1,8,9,10,-1,10,9,11,-1,9,12,11,-1,11,12,13,-1,12,14,13,-1,13,14,15,-1,14,8,15,-1,15,8,10,-1,11,13,10,-1,10,13,15,-1,
        ]
    }
}